Order_ID,Order_Date,Customer_Name,Email,Phone,City,State,Product,Category,Qty,Unit_Price,Discount,Payment_Mode,Order_Status,Delivery_Date,Sales,Net_Amount,Profit,month,Year,Weekday
ORD1002,2025-06-30,Neha,neha82@gmail.com,9829008196.0,Delhi,Delhi,Chair,Furniture,4.0,1999.0,0.0,UPI,Pending,2025-03-07,7996.0,7996.0,1599.2,June,2025.0,<bound method DatetimeArray.day_name of <pandas.core.indexes.accessors.DatetimeProperties object at 0x0000016E5152D450>>
ORD1003,2025-02-03,Rohit,rohit45@gmail.com,9280491167.0,Pune,Maharashtra,Watch,Fashion,5.0,4999.0,20.0,Card,Pending,2025-09-02,24995.0,19996.0,3999.2000000000003,February,2025.0,<bound method DatetimeArray.day_name of <pandas.core.indexes.accessors.DatetimeProperties object at 0x0000016E5152D450>>
ORD1004,2025-05-06,Amit,amit6@gmail.com,9943310925.0,Jaipur,Rajasthan,Mouse,Electronics,3.0,1999.0,5.0,COD,Returned,2025-08-05,5997.0,5697.15,1139.43,May,2025.0,<bound method DatetimeArray.day_name of <pandas.core.indexes.accessors.DatetimeProperties object at 0x0000016E5152D450>>
ORD1007,2025-02-10,Rahul,rahul82@gmail.com,9517780193.0,Mumbai,Maharashtra,Mouse,Electronics,3.0,499.0,20.0,Wallet,Cancelled,2025-02-10,1497.0,1197.6,239.51999999999998,February,2025.0,<bound method DatetimeArray.day_name of <pandas.core.indexes.accessors.DatetimeProperties object at 0x0000016E5152D450>>
ORD1008,2025-02-17,Rahul,rahul71@gmail.com,9789375429.0,Lucknow,Up,Mouse,Electronics,4.0,9999.0,0.0,Card,Returned,2025-02-17,39996.0,39996.0,7999.200000000001,February,2025.0,<bound method DatetimeArray.day_name of <pandas.core.indexes.accessors.DatetimeProperties object at 0x0000016E5152D450>>
ORD1009,,Rahul,rahul99@gmail.com,9552649559.0,Mumbai,Maharashtra,Bottle,Home,2.0,1499.0,0.0,Wallet,Pending,,2998.0,2998.0,599.6,,,<bound method DatetimeArray.day_name of <pandas.core.indexes.accessors.DatetimeProperties object at 0x0000016E5152D450>>
ORD1010,2025-04-10,Rohit,rohit96@gmail.com,9700116928.0,Jaipur,Rajasthan,Mouse,Electronics,1.0,,0.0,NetBanking,Delivered,2025-04-10,,,,April,2025.0,<bound method DatetimeArray.day_name of <pandas.core.indexes.accessors.DatetimeProperties object at 0x0000016E5152D450>>
ORD1011,2025-01-11,Neha,neha22@gmail.com,9580304152.0,Jaipur,Rajasthan,Chair,Furniture,3.0,999.0,0.0,COD,Pending,2025-01-11,2997.0,2997.0,599.4,January,2025.0,<bound method DatetimeArray.day_name of <pandas.core.indexes.accessors.DatetimeProperties object at 0x0000016E5152D450>>
ORD1012,2025-03-03,Vikas,vikas46@gmail.com,9551158398.0,Jaipur,Rajasthan,Shoes,Fashion,3.0,999.0,5.0,COD,Cancelled,2025-09-03,2997.0,2847.15,569.4300000000001,March,2025.0,<bound method DatetimeArray.day_name of <pandas.core.indexes.accessors.DatetimeProperties object at 0x0000016E5152D450>>
ORD1015,2025-03-17,Rohit,rohit6@gmail.com,9643353842.0,Lucknow,Up,Bottle,Home,5.0,,5.0,Card,Returned,2025-03-17,,,,March,2025.0,<bound method DatetimeArray.day_name of <pandas.core.indexes.accessors.DatetimeProperties object at 0x0000016E5152D450>>
ORD1016,2025-03-31,Sneha,sneha86@gmail.com,9125254427.0,Pune,Maharashtra,Laptop,Electronics,3.0,4999.0,20.0,NetBanking,Pending,2025-09-04,14997.0,11997.6,2399.52,March,2025.0,<bound method DatetimeArray.day_name of <pandas.core.indexes.accessors.DatetimeProperties object at 0x0000016E5152D450>>
ORD1017,2025-01-12,Vikas,vikas12@gmail.com,9498228945.0,Jaipur,Rajasthan,Watch,Fashion,1.0,4999.0,10.0,NetBanking,Pending,2025-01-12,4999.0,4499.1,899.8200000000002,January,2025.0,<bound method DatetimeArray.day_name of <pandas.core.indexes.accessors.DatetimeProperties object at 0x0000016E5152D450>>
ORD1018,,Amit,amit96@gmail.com,9124086971.0,Mumbai,Maharashtra,Shoes,Fashion,2.0,4999.0,5.0,Wallet,Delivered,,9998.0,9498.1,1899.6200000000001,,,<bound method DatetimeArray.day_name of <pandas.core.indexes.accessors.DatetimeProperties object at 0x0000016E5152D450>>
ORD1019,2025-03-06,Vikas,vikas20@gmail.com,9524467082.0,Bengaluru,Karnataka,Chair,Furniture,3.0,1499.0,0.0,COD,Returned,2025-03-06,4497.0,4497.0,899.4000000000001,March,2025.0,<bound method DatetimeArray.day_name of <pandas.core.indexes.accessors.DatetimeProperties object at 0x0000016E5152D450>>
ORD1020,2025-03-15,Rahul,rahul90@gmail.com,9106119129.0,Pune,Maharashtra,Watch,Fashion,3.0,999.0,0.0,UPI,Returned,2025-03-15,2997.0,2997.0,599.4,March,2025.0,<bound method DatetimeArray.day_name of <pandas.core.indexes.accessors.DatetimeProperties object at 0x0000016E5152D450>>
ORD1021,2025-01-27,Priya,priya82@gmail.com,9583849937.0,Pune,Maharashtra,Chair,Furniture,3.0,,5.0,UPI,Cancelled,2025-02-02,,,,January,2025.0,<bound method DatetimeArray.day_name of <pandas.core.indexes.accessors.DatetimeProperties object at 0x0000016E5152D450>>
ORD1023,2025-04-27,Neha,neha70@gmail.com,9133995118.0,Mumbai,Maharashtra,Shoes,Fashion,1.0,499.0,5.0,COD,Pending,2025-01-05,499.0,474.05,94.81,April,2025.0,<bound method DatetimeArray.day_name of <pandas.core.indexes.accessors.DatetimeProperties object at 0x0000016E5152D450>>
ORD1024,2025-06-29,Rohit,rohit60@gmail.com,9633404088.0,Bengaluru,Karnataka,Mouse,Electronics,3.0,,15.0,Card,Cancelled,2025-08-07,,,,June,2025.0,<bound method DatetimeArray.day_name of <pandas.core.indexes.accessors.DatetimeProperties object at 0x0000016E5152D450>>
ORD1026,2025-04-05,Sneha,sneha71@gmail.com,9967773139.0,Bengaluru,Karnataka,Bottle,Home,4.0,9999.0,10.0,Wallet,Returned,2025-08-04,39996.0,35996.4,7199.280000000001,April,2025.0,<bound method DatetimeArray.day_name of <pandas.core.indexes.accessors.DatetimeProperties object at 0x0000016E5152D450>>
ORD1028,2025-06-05,Amit,amit15@gmail.com,9853264878.0,Lucknow,Up,Watch,Fashion,3.0,4999.0,0.0,NetBanking,Cancelled,2025-09-06,14997.0,14997.0,2999.4,June,2025.0,<bound method DatetimeArray.day_name of <pandas.core.indexes.accessors.DatetimeProperties object at 0x0000016E5152D450>>
ORD1029,2025-02-06,Rahul,rahul82@gmail.com,9689560222.0,Pune,Maharashtra,Bottle,Home,5.0,1499.0,0.0,COD,Delivered,2025-02-06,7495.0,7495.0,1499.0,February,2025.0,<bound method DatetimeArray.day_name of <pandas.core.indexes.accessors.DatetimeProperties object at 0x0000016E5152D450>>
ORD1030,2025-04-25,Rahul,rahul52@gmail.com,9882683944.0,Mumbai,Maharashtra,Shoes,Fashion,1.0,9999.0,20.0,UPI,Delivered,2025-01-05,9999.0,7999.2,1599.8400000000001,April,2025.0,<bound method DatetimeArray.day_name of <pandas.core.indexes.accessors.DatetimeProperties object at 0x0000016E5152D450>>
ORD1032,2025-04-12,Neha,neha79@gmail.com,9312273373.0,Pune,Maharashtra,Bottle,Home,1.0,499.0,20.0,UPI,Delivered,2025-04-12,499.0,399.2,79.84,April,2025.0,<bound method DatetimeArray.day_name of <pandas.core.indexes.accessors.DatetimeProperties object at 0x0000016E5152D450>>
ORD1034,2025-05-13,Amit,amit55@gmail.com,9798448836.0,Pune,Maharashtra,Bottle,Home,4.0,4999.0,0.0,NetBanking,Pending,2025-05-13,19996.0,19996.0,3999.2000000000003,May,2025.0,<bound method DatetimeArray.day_name of <pandas.core.indexes.accessors.DatetimeProperties object at 0x0000016E5152D450>>
ORD1039,2025-03-20,Rahul,rahul33@gmail.com,9193291098.0,Jaipur,Rajasthan,Laptop,Electronics,1.0,2599.0,15.0,Wallet,Returned,2025-03-20,2599.0,2209.15,441.83000000000004,March,2025.0,<bound method DatetimeArray.day_name of <pandas.core.indexes.accessors.DatetimeProperties object at 0x0000016E5152D450>>
ORD1040,,Sneha,sneha23@gmail.com,9116124699.0,Delhi,Delhi,Bottle,Home,5.0,1499.0,10.0,Card,Returned,,7495.0,6745.5,1349.1000000000001,,,<bound method DatetimeArray.day_name of <pandas.core.indexes.accessors.DatetimeProperties object at 0x0000016E5152D450>>
ORD1041,2025-06-25,Rahul,rahul11@gmail.com,9940596133.0,Bengaluru,Karnataka,Bottle,Home,5.0,9999.0,0.0,UPI,Returned,2025-06-25,49995.0,49995.0,9999.0,June,2025.0,<bound method DatetimeArray.day_name of <pandas.core.indexes.accessors.DatetimeProperties object at 0x0000016E5152D450>>
ORD1042,2025-01-13,Rahul,rahul66@gmail.com,9792040786.0,Mumbai,Maharashtra,Bottle,Home,4.0,,15.0,NetBanking,Delivered,2025-01-13,,,,January,2025.0,<bound method DatetimeArray.day_name of <pandas.core.indexes.accessors.DatetimeProperties object at 0x0000016E5152D450>>
ORD1043,2025-04-16,Rahul,rahul61@gmail.com,9157741059.0,Delhi,Delhi,Laptop,Electronics,2.0,2599.0,5.0,COD,Pending,2025-04-16,5198.0,4938.1,987.6200000000001,April,2025.0,<bound method DatetimeArray.day_name of <pandas.core.indexes.accessors.DatetimeProperties object at 0x0000016E5152D450>>
ORD1045,,Priya,priya61@gmail.com,9111524138.0,Bengaluru,Karnataka,Laptop,Electronics,3.0,1499.0,10.0,Wallet,Pending,,4497.0,4047.3,809.46,,,<bound method DatetimeArray.day_name of <pandas.core.indexes.accessors.DatetimeProperties object at 0x0000016E5152D450>>
ORD1047,2025-03-17,Rohit,rohit24@gmail.com,9603990367.0,Jaipur,Rajasthan,Shoes,Fashion,1.0,999.0,20.0,NetBanking,Cancelled,2025-03-17,999.0,799.2,159.84000000000003,March,2025.0,<bound method DatetimeArray.day_name of <pandas.core.indexes.accessors.DatetimeProperties object at 0x0000016E5152D450>>
ORD1049,2025-04-15,Amit,amit42@gmail.com,9533399379.0,Lucknow,Up,Watch,Fashion,5.0,2599.0,0.0,COD,Returned,2025-04-15,12995.0,12995.0,2599.0,April,2025.0,<bound method DatetimeArray.day_name of <pandas.core.indexes.accessors.DatetimeProperties object at 0x0000016E5152D450>>
ORD1052,2025-02-25,Sneha,sneha63@gmail.com,9276376917.0,Pune,Maharashtra,Mouse,Electronics,5.0,9999.0,0.0,UPI,Returned,2025-02-03,49995.0,49995.0,9999.0,February,2025.0,<bound method DatetimeArray.day_name of <pandas.core.indexes.accessors.DatetimeProperties object at 0x0000016E5152D450>>
ORD1053,2025-05-23,Sneha,sneha39@gmail.com,9432994066.0,Mumbai,Maharashtra,Laptop,Electronics,1.0,1999.0,0.0,COD,Delivered,2025-05-23,1999.0,1999.0,399.8,May,2025.0,<bound method DatetimeArray.day_name of <pandas.core.indexes.accessors.DatetimeProperties object at 0x0000016E5152D450>>
ORD1054,,Sneha,sneha78@gmail.com,9399449203.0,Jaipur,Rajasthan,Laptop,Electronics,2.0,999.0,20.0,NetBanking,Pending,,1998.0,1598.4,319.68000000000006,,,<bound method DatetimeArray.day_name of <pandas.core.indexes.accessors.DatetimeProperties object at 0x0000016E5152D450>>
ORD1056,2025-05-29,Neha,neha98@gmail.com,9481676392.0,Pune,Maharashtra,Chair,Furniture,2.0,9999.0,15.0,COD,Cancelled,2025-05-29,19998.0,16998.3,3399.66,May,2025.0,<bound method DatetimeArray.day_name of <pandas.core.indexes.accessors.DatetimeProperties object at 0x0000016E5152D450>>
ORD1057,2025-02-03,Rohit,rohit66@gmail.com,9358211659.0,Bengaluru,Karnataka,Chair,Furniture,5.0,1499.0,0.0,Wallet,Pending,2025-06-02,7495.0,7495.0,1499.0,February,2025.0,<bound method DatetimeArray.day_name of <pandas.core.indexes.accessors.DatetimeProperties object at 0x0000016E5152D450>>
ORD1058,2025-02-12,Sneha,sneha17@gmail.com,9581041302.0,Jaipur,Rajasthan,Chair,Furniture,2.0,2599.0,15.0,Card,Cancelled,2025-02-12,5198.0,4418.3,883.6600000000001,February,2025.0,<bound method DatetimeArray.day_name of <pandas.core.indexes.accessors.DatetimeProperties object at 0x0000016E5152D450>>
ORD1059,2025-05-07,Vikas,vikas8@gmail.com,9966346542.0,Pune,Maharashtra,Mouse,Electronics,5.0,999.0,0.0,NetBanking,Delivered,2025-05-07,4995.0,4995.0,999.0,May,2025.0,<bound method DatetimeArray.day_name of <pandas.core.indexes.accessors.DatetimeProperties object at 0x0000016E5152D450>>
ORD1060,2025-04-09,Rohit,rohit64@gmail.com,9848493769.0,Delhi,Delhi,Laptop,Electronics,5.0,999.0,0.0,COD,Returned,2025-04-09,4995.0,4995.0,999.0,April,2025.0,<bound method DatetimeArray.day_name of <pandas.core.indexes.accessors.DatetimeProperties object at 0x0000016E5152D450>>
ORD1061,2025-06-01,Vikas,vikas12@gmail.com,9714988193.0,Jaipur,Rajasthan,Shoes,Fashion,5.0,499.0,10.0,UPI,Cancelled,2025-05-06,2495.0,2245.5,449.1,June,2025.0,<bound method DatetimeArray.day_name of <pandas.core.indexes.accessors.DatetimeProperties object at 0x0000016E5152D450>>
ORD1064,2025-06-28,Rohit,rohit44@gmail.com,9745435168.0,Lucknow,Up,Bottle,Home,1.0,1999.0,5.0,NetBanking,Cancelled,2025-04-07,1999.0,1899.05,379.81,June,2025.0,<bound method DatetimeArray.day_name of <pandas.core.indexes.accessors.DatetimeProperties object at 0x0000016E5152D450>>
ORD1065,2025-04-27,Sneha,sneha92@gmail.com,9231780669.0,Mumbai,Maharashtra,Shoes,Fashion,3.0,1499.0,10.0,NetBanking,Pending,2025-01-05,4497.0,4047.3,809.46,April,2025.0,<bound method DatetimeArray.day_name of <pandas.core.indexes.accessors.DatetimeProperties object at 0x0000016E5152D450>>
ORD1066,2025-05-05,Neha,neha26@gmail.com,Unknown,Mumbai,Maharashtra,Watch,Fashion,5.0,2599.0,20.0,Card,Returned,2025-05-05,12995.0,10396.0,2079.2000000000003,May,2025.0,<bound method DatetimeArray.day_name of <pandas.core.indexes.accessors.DatetimeProperties object at 0x0000016E5152D450>>
ORD1067,2025-03-10,Sneha,sneha9@gmail.com,9631416622.0,Delhi,Delhi,Shoes,Fashion,1.0,,0.0,NetBanking,Returned,2025-03-10,,,,March,2025.0,<bound method DatetimeArray.day_name of <pandas.core.indexes.accessors.DatetimeProperties object at 0x0000016E5152D450>>
ORD1069,2025-01-20,Vikas,vikas55@gmail.com,9385463872.0,Lucknow,Up,Shoes,Fashion,1.0,4999.0,0.0,Card,Cancelled,2025-01-20,4999.0,4999.0,999.8000000000001,January,2025.0,<bound method DatetimeArray.day_name of <pandas.core.indexes.accessors.DatetimeProperties object at 0x0000016E5152D450>>
ORD1070,2025-02-28,Sneha,sneha18@gmail.com,9191665927.0,Delhi,Delhi,Chair,Furniture,1.0,499.0,0.0,Wallet,Cancelled,2025-04-03,499.0,499.0,99.80000000000001,February,2025.0,<bound method DatetimeArray.day_name of <pandas.core.indexes.accessors.DatetimeProperties object at 0x0000016E5152D450>>
ORD1071,2025-01-13,Priya,priya8@gmail.com,9398321309.0,Delhi,Delhi,Laptop,Electronics,4.0,999.0,15.0,Card,Returned,2025-01-13,3996.0,3396.6,679.32,January,2025.0,<bound method DatetimeArray.day_name of <pandas.core.indexes.accessors.DatetimeProperties object at 0x0000016E5152D450>>
ORD1072,,Sneha,sneha64@gmail.com,9920347519.0,Bengaluru,Karnataka,Chair,Furniture,3.0,4999.0,0.0,Card,Returned,2025-07-04,14997.0,14997.0,2999.4,,,<bound method DatetimeArray.day_name of <pandas.core.indexes.accessors.DatetimeProperties object at 0x0000016E5152D450>>
,2025-01-26,Vikas,vikas17@gmail.com,9814518863.0,Mumbai,Maharashtra,Chair,Furniture,4.0,4999.0,15.0,NetBanking,Cancelled,2025-01-26,19996.0,16996.6,3399.3199999999997,January,2025.0,<bound method DatetimeArray.day_name of <pandas.core.indexes.accessors.DatetimeProperties object at 0x0000016E5152D450>>
ORD1074,2025-06-15,Neha,neha79@gmail.com,9851707847.0,Pune,Maharashtra,Chair,Furniture,5.0,4999.0,20.0,Card,Delivered,2025-06-15,24995.0,19996.0,3999.2000000000003,June,2025.0,<bound method DatetimeArray.day_name of <pandas.core.indexes.accessors.DatetimeProperties object at 0x0000016E5152D450>>
ORD1075,2025-05-20,Vikas,vikas2@gmail.com,9934129735.0,Pune,Maharashtra,Mouse,Electronics,4.0,4999.0,5.0,NetBanking,Pending,2025-05-20,19996.0,18996.2,3799.2400000000002,May,2025.0,<bound method DatetimeArray.day_name of <pandas.core.indexes.accessors.DatetimeProperties object at 0x0000016E5152D450>>
ORD1077,2025-01-24,Neha,neha85@gmail.com,9919894416.0,Mumbai,Maharashtra,Bottle,Home,2.0,499.0,0.0,Wallet,Cancelled,2025-01-24,998.0,998.0,199.60000000000002,January,2025.0,<bound method DatetimeArray.day_name of <pandas.core.indexes.accessors.DatetimeProperties object at 0x0000016E5152D450>>
ORD1078,2025-02-01,Neha,neha42@gmail.com,9561350940.0,Lucknow,Up,Chair,Furniture,5.0,1499.0,20.0,Card,Pending,2025-06-02,7495.0,5996.0,1199.2,February,2025.0,<bound method DatetimeArray.day_name of <pandas.core.indexes.accessors.DatetimeProperties object at 0x0000016E5152D450>>
ORD1079,2025-01-27,Priya,priya59@gmail.com,9961124731.0,Lucknow,Up,Mouse,Electronics,1.0,1999.0,15.0,Card,Returned,2025-04-02,1999.0,1699.15,339.83000000000004,January,2025.0,<bound method DatetimeArray.day_name of <pandas.core.indexes.accessors.DatetimeProperties object at 0x0000016E5152D450>>
ORD1080,,Priya,priya79@gmail.com,9541666116.0,Jaipur,Rajasthan,Laptop,Electronics,5.0,1499.0,5.0,COD,Returned,,7495.0,7120.25,1424.0500000000002,,,<bound method DatetimeArray.day_name of <pandas.core.indexes.accessors.DatetimeProperties object at 0x0000016E5152D450>>
ORD1081,,Sneha,sneha41@gmail.com,9406235087.0,Jaipur,Rajasthan,Bottle,Home,5.0,999.0,20.0,Wallet,Returned,2025-04-06,4995.0,3996.0,799.2,,,<bound method DatetimeArray.day_name of <pandas.core.indexes.accessors.DatetimeProperties object at 0x0000016E5152D450>>
ORD1082,2025-06-01,Vikas,vikas84@gmail.com,9289950400.0,Pune,Maharashtra,Watch,Fashion,3.0,1999.0,5.0,COD,Pending,2025-08-06,5997.0,5697.15,1139.43,June,2025.0,<bound method DatetimeArray.day_name of <pandas.core.indexes.accessors.DatetimeProperties object at 0x0000016E5152D450>>
ORD1083,2025-05-14,Priya,priya17@gmail.com,9678334449.0,Bengaluru,Karnataka,Shoes,Fashion,5.0,2599.0,15.0,Wallet,Cancelled,2025-05-14,12995.0,11045.75,2209.15,May,2025.0,<bound method DatetimeArray.day_name of <pandas.core.indexes.accessors.DatetimeProperties object at 0x0000016E5152D450>>
ORD1084,2025-01-28,Sneha,sneha42@gmail.com,9224233737.0,Delhi,Delhi,Mouse,Electronics,5.0,,5.0,UPI,Delivered,2025-04-02,,,,January,2025.0,<bound method DatetimeArray.day_name of <pandas.core.indexes.accessors.DatetimeProperties object at 0x0000016E5152D450>>
ORD1085,2025-01-02,Vikas,vikas8@gmail.com,9811000878.0,Mumbai,Maharashtra,Chair,Furniture,1.0,1999.0,15.0,Card,Returned,2025-07-01,1999.0,1699.15,339.83000000000004,January,2025.0,<bound method DatetimeArray.day_name of <pandas.core.indexes.accessors.DatetimeProperties object at 0x0000016E5152D450>>
ORD1086,2025-03-24,Rahul,rahul51@gmail.com,9334759931.0,Lucknow,Up,Mouse,Electronics,5.0,2599.0,5.0,Card,Delivered,2025-02-04,12995.0,12345.25,2469.05,March,2025.0,<bound method DatetimeArray.day_name of <pandas.core.indexes.accessors.DatetimeProperties object at 0x0000016E5152D450>>
ORD1087,2025-04-22,Vikas,vikas58@gmail.com,9709409870.0,Bengaluru,Karnataka,Bottle,Home,5.0,2599.0,10.0,Card,Delivered,2025-04-22,12995.0,11695.5,2339.1,April,2025.0,<bound method DatetimeArray.day_name of <pandas.core.indexes.accessors.DatetimeProperties object at 0x0000016E5152D450>>
ORD1088,2025-05-04,Rahul,rahul31@gmail.com,Unknown,Bengaluru,Karnataka,Bottle,Home,5.0,9999.0,10.0,Card,Cancelled,2025-09-05,49995.0,44995.5,8999.1,May,2025.0,<bound method DatetimeArray.day_name of <pandas.core.indexes.accessors.DatetimeProperties object at 0x0000016E5152D450>>
ORD1094,2025-05-17,Rohit,rohit4@gmail.com,9462327553.0,Delhi,Delhi,Mouse,Electronics,3.0,9999.0,0.0,UPI,Pending,2025-05-17,29997.0,29997.0,5999.400000000001,May,2025.0,<bound method DatetimeArray.day_name of <pandas.core.indexes.accessors.DatetimeProperties object at 0x0000016E5152D450>>
ORD1095,2025-04-05,Rahul,rahul23@gmail.com,9141462098.0,Delhi,Delhi,Chair,Furniture,2.0,999.0,15.0,UPI,Cancelled,2025-04-05,1998.0,1698.3,339.66,April,2025.0,<bound method DatetimeArray.day_name of <pandas.core.indexes.accessors.DatetimeProperties object at 0x0000016E5152D450>>
ORD1096,2025-04-05,Rohit,rohit73@gmail.com,9444104993.0,Mumbai,Maharashtra,Shoes,Fashion,5.0,,0.0,UPI,Pending,2025-04-05,,,,April,2025.0,<bound method DatetimeArray.day_name of <pandas.core.indexes.accessors.DatetimeProperties object at 0x0000016E5152D450>>
ORD1097,2025-04-01,Sneha,sneha71@gmail.com,9339643495.0,Mumbai,Maharashtra,Shoes,Fashion,1.0,,0.0,Card,Delivered,2025-07-04,,,,April,2025.0,<bound method DatetimeArray.day_name of <pandas.core.indexes.accessors.DatetimeProperties object at 0x0000016E5152D450>>
ORD1098,2025-06-01,Neha,neha42@gmail.com,9795658556.0,Mumbai,Maharashtra,Chair,Furniture,5.0,9999.0,15.0,COD,Returned,2025-04-06,49995.0,42495.75,8499.15,June,2025.0,<bound method DatetimeArray.day_name of <pandas.core.indexes.accessors.DatetimeProperties object at 0x0000016E5152D450>>
ORD1099,,Rahul,rahul62@gmail.com,9409139402.0,Lucknow,Up,Bottle,Home,1.0,499.0,0.0,UPI,Pending,,499.0,499.0,99.80000000000001,,,<bound method DatetimeArray.day_name of <pandas.core.indexes.accessors.DatetimeProperties object at 0x0000016E5152D450>>
ORD1100,2025-03-18,Priya,priya72@gmail.com,9126426468.0,Pune,Maharashtra,Mouse,Electronics,5.0,499.0,15.0,COD,Pending,2025-03-18,2495.0,2120.75,424.15000000000003,March,2025.0,<bound method DatetimeArray.day_name of <pandas.core.indexes.accessors.DatetimeProperties object at 0x0000016E5152D450>>
ORD1102,2025-01-07,Sneha,sneha37@gmail.com,9507523995.0,Mumbai,Maharashtra,Chair,Furniture,5.0,2599.0,5.0,COD,Pending,2025-11-01,12995.0,12345.25,2469.05,January,2025.0,<bound method DatetimeArray.day_name of <pandas.core.indexes.accessors.DatetimeProperties object at 0x0000016E5152D450>>
ORD1103,2025-01-26,Rohit,rohit37@gmail.com,9792751135.0,Pune,Maharashtra,Mouse,Electronics,2.0,999.0,20.0,Wallet,Cancelled,2025-03-02,1998.0,1598.4,319.68000000000006,January,2025.0,<bound method DatetimeArray.day_name of <pandas.core.indexes.accessors.DatetimeProperties object at 0x0000016E5152D450>>
ORD1105,2025-04-16,Sneha,sneha29@gmail.com,9130855060.0,Lucknow,Up,Laptop,Electronics,4.0,9999.0,0.0,COD,Cancelled,2025-04-16,39996.0,39996.0,7999.200000000001,April,2025.0,<bound method DatetimeArray.day_name of <pandas.core.indexes.accessors.DatetimeProperties object at 0x0000016E5152D450>>
ORD1107,2025-01-25,Priya,priya18@gmail.com,9857341843.0,Bengaluru,Karnataka,Laptop,Electronics,3.0,1999.0,0.0,Wallet,Returned,2025-01-25,5997.0,5997.0,1199.4,January,2025.0,<bound method DatetimeArray.day_name of <pandas.core.indexes.accessors.DatetimeProperties object at 0x0000016E5152D450>>
ORD1109,2025-05-09,Priya,priya47@gmail.com,9771632294.0,Jaipur,Rajasthan,Chair,Furniture,2.0,9999.0,0.0,Wallet,Returned,2025-05-09,19998.0,19998.0,3999.6000000000004,May,2025.0,<bound method DatetimeArray.day_name of <pandas.core.indexes.accessors.DatetimeProperties object at 0x0000016E5152D450>>
ORD1110,2025-05-16,Sneha,sneha32@gmail.com,Unknown,Lucknow,Up,Bottle,Home,2.0,999.0,0.0,NetBanking,Returned,2025-05-16,1998.0,1998.0,399.6,May,2025.0,<bound method DatetimeArray.day_name of <pandas.core.indexes.accessors.DatetimeProperties object at 0x0000016E5152D450>>
ORD1111,2025-04-09,Rohit,rohit76@gmail.com,9978213662.0,Pune,Maharashtra,Shoes,Fashion,1.0,2599.0,15.0,NetBanking,Returned,2025-11-04,2599.0,2209.15,441.83000000000004,April,2025.0,<bound method DatetimeArray.day_name of <pandas.core.indexes.accessors.DatetimeProperties object at 0x0000016E5152D450>>
ORD1112,2025-05-31,Rohit,rohit23@gmail.com,9476674723.0,Bengaluru,Karnataka,Bottle,Home,4.0,2599.0,15.0,UPI,Delivered,2025-02-06,10396.0,8836.6,1767.3200000000002,May,2025.0,<bound method DatetimeArray.day_name of <pandas.core.indexes.accessors.DatetimeProperties object at 0x0000016E5152D450>>
ORD1113,2025-02-10,Amit,amit39@gmail.com,9125790157.0,Lucknow,Up,Laptop,Electronics,4.0,499.0,0.0,NetBanking,Cancelled,2025-02-10,1996.0,1996.0,399.20000000000005,February,2025.0,<bound method DatetimeArray.day_name of <pandas.core.indexes.accessors.DatetimeProperties object at 0x0000016E5152D450>>
ORD1114,2025-06-23,Rahul,rahul27@gmail.com,9963695338.0,Jaipur,Rajasthan,Chair,Furniture,5.0,999.0,10.0,Wallet,Returned,2025-01-07,4995.0,4495.5,899.1,June,2025.0,<bound method DatetimeArray.day_name of <pandas.core.indexes.accessors.DatetimeProperties object at 0x0000016E5152D450>>
ORD1115,2025-05-25,Rahul,rahul17@gmail.com,9306692646.0,Delhi,Delhi,Shoes,Fashion,2.0,2599.0,10.0,COD,Cancelled,2025-05-25,5198.0,4678.2,935.64,May,2025.0,<bound method DatetimeArray.day_name of <pandas.core.indexes.accessors.DatetimeProperties object at 0x0000016E5152D450>>
ORD1116,2025-01-16,Neha,neha74@gmail.com,9328163443.0,Mumbai,Maharashtra,Watch,Fashion,4.0,1499.0,0.0,NetBanking,Pending,2025-01-16,5996.0,5996.0,1199.2,January,2025.0,<bound method DatetimeArray.day_name of <pandas.core.indexes.accessors.DatetimeProperties object at 0x0000016E5152D450>>
ORD1117,,Priya,priya97@gmail.com,9735134223.0,Lucknow,Up,Bottle,Home,5.0,4999.0,0.0,COD,Delivered,,24995.0,24995.0,4999.0,,,<bound method DatetimeArray.day_name of <pandas.core.indexes.accessors.DatetimeProperties object at 0x0000016E5152D450>>
ORD1119,2025-02-12,Rohit,rohit97@gmail.com,9739414080.0,Bengaluru,Karnataka,Laptop,Electronics,5.0,1999.0,0.0,UPI,Cancelled,2025-02-12,9995.0,9995.0,1999.0,February,2025.0,<bound method DatetimeArray.day_name of <pandas.core.indexes.accessors.DatetimeProperties object at 0x0000016E5152D450>>
ORD1120,,Priya,priya70@gmail.com,9908689377.0,Mumbai,Maharashtra,Chair,Furniture,2.0,4999.0,20.0,UPI,Cancelled,,9998.0,7998.4,1599.68,,,<bound method DatetimeArray.day_name of <pandas.core.indexes.accessors.DatetimeProperties object at 0x0000016E5152D450>>
ORD1121,2025-05-20,Vikas,vikas22@gmail.com,9870762927.0,Pune,Maharashtra,Mouse,Electronics,1.0,4999.0,10.0,NetBanking,Cancelled,2025-05-20,4999.0,4499.1,899.8200000000002,May,2025.0,<bound method DatetimeArray.day_name of <pandas.core.indexes.accessors.DatetimeProperties object at 0x0000016E5152D450>>
ORD1122,2025-01-22,Neha,neha63@gmail.com,9156805257.0,Delhi,Delhi,Shoes,Fashion,3.0,1999.0,15.0,Wallet,Pending,2025-01-02,5997.0,5097.45,1019.49,January,2025.0,<bound method DatetimeArray.day_name of <pandas.core.indexes.accessors.DatetimeProperties object at 0x0000016E5152D450>>
ORD1123,2025-04-30,Rohit,rohit35@gmail.com,9130062131.0,Mumbai,Maharashtra,Watch,Fashion,1.0,2599.0,10.0,NetBanking,Cancelled,2025-05-05,2599.0,2339.1,467.82,April,2025.0,<bound method DatetimeArray.day_name of <pandas.core.indexes.accessors.DatetimeProperties object at 0x0000016E5152D450>>
ORD1125,2025-01-09,Priya,priya18@gmail.com,9501386326.0,Lucknow,Up,Bottle,Home,1.0,,15.0,Wallet,Returned,2025-01-09,,,,January,2025.0,<bound method DatetimeArray.day_name of <pandas.core.indexes.accessors.DatetimeProperties object at 0x0000016E5152D450>>
ORD1126,,Amit,amit10@gmail.com,9479561164.0,Delhi,Delhi,Shoes,Fashion,5.0,2599.0,0.0,Wallet,Pending,,12995.0,12995.0,2599.0,,,<bound method DatetimeArray.day_name of <pandas.core.indexes.accessors.DatetimeProperties object at 0x0000016E5152D450>>
ORD1127,2025-01-01,Rahul,rahul90@gmail.com,9327541358.0,Delhi,Delhi,Watch,Fashion,4.0,999.0,0.0,COD,Returned,2025-06-01,3996.0,3996.0,799.2,January,2025.0,<bound method DatetimeArray.day_name of <pandas.core.indexes.accessors.DatetimeProperties object at 0x0000016E5152D450>>
ORD1128,2025-02-21,Vikas,vikas76@gmail.com,9363445434.0,Mumbai,Maharashtra,Watch,Fashion,4.0,1499.0,15.0,Wallet,Returned,2025-02-21,5996.0,5096.6,1019.3200000000002,February,2025.0,<bound method DatetimeArray.day_name of <pandas.core.indexes.accessors.DatetimeProperties object at 0x0000016E5152D450>>
ORD1130,2025-01-13,Priya,priya44@gmail.com,9916562666.0,Delhi,Delhi,Bottle,Home,2.0,,5.0,Card,Cancelled,2025-01-13,,,,January,2025.0,<bound method DatetimeArray.day_name of <pandas.core.indexes.accessors.DatetimeProperties object at 0x0000016E5152D450>>
ORD1134,2025-03-02,Vikas,vikas63@gmail.com,9988475551.0,Pune,Maharashtra,Laptop,Electronics,3.0,499.0,0.0,Wallet,Cancelled,2025-10-03,1497.0,1497.0,299.40000000000003,March,2025.0,<bound method DatetimeArray.day_name of <pandas.core.indexes.accessors.DatetimeProperties object at 0x0000016E5152D450>>
ORD1135,,Neha,neha92@gmail.com,9614026109.0,Mumbai,Maharashtra,Shoes,Fashion,1.0,1999.0,20.0,NetBanking,Pending,2025-01-07,1999.0,1599.2,319.84000000000003,,,<bound method DatetimeArray.day_name of <pandas.core.indexes.accessors.DatetimeProperties object at 0x0000016E5152D450>>
ORD1136,2025-06-21,Rahul,rahul44@gmail.com,9843123958.0,Pune,Maharashtra,Mouse,Electronics,3.0,9999.0,10.0,Card,Delivered,2025-06-21,29997.0,26997.3,5399.46,June,2025.0,<bound method DatetimeArray.day_name of <pandas.core.indexes.accessors.DatetimeProperties object at 0x0000016E5152D450>>
ORD1137,2025-05-08,Priya,priya19@gmail.com,9332427755.0,Delhi,Delhi,Mouse,Electronics,5.0,4999.0,10.0,Card,Pending,2025-12-05,24995.0,22495.5,4499.1,May,2025.0,<bound method DatetimeArray.day_name of <pandas.core.indexes.accessors.DatetimeProperties object at 0x0000016E5152D450>>
ORD1138,2025-05-09,Rahul,rahul11@gmail.com,9944201387.0,Lucknow,Up,Shoes,Fashion,5.0,4999.0,5.0,UPI,Delivered,2025-05-09,24995.0,23745.25,4749.05,May,2025.0,<bound method DatetimeArray.day_name of <pandas.core.indexes.accessors.DatetimeProperties object at 0x0000016E5152D450>>
ORD1139,2025-04-23,Amit,amit5@gmail.com,9371222104.0,Bengaluru,Karnataka,Bottle,Home,3.0,2599.0,0.0,UPI,Cancelled,2025-04-23,7797.0,7797.0,1559.4,April,2025.0,<bound method DatetimeArray.day_name of <pandas.core.indexes.accessors.DatetimeProperties object at 0x0000016E5152D450>>
ORD1140,2025-05-05,Neha,neha87@gmail.com,9450353595.0,Lucknow,Up,Laptop,Electronics,1.0,4999.0,10.0,NetBanking,Cancelled,2025-12-05,4999.0,4499.1,899.8200000000002,May,2025.0,<bound method DatetimeArray.day_name of <pandas.core.indexes.accessors.DatetimeProperties object at 0x0000016E5152D450>>
ORD1141,2025-05-12,Amit,amit95@gmail.com,9184871973.0,Pune,Maharashtra,Chair,Furniture,5.0,9999.0,0.0,Wallet,Cancelled,2025-05-12,49995.0,49995.0,9999.0,May,2025.0,<bound method DatetimeArray.day_name of <pandas.core.indexes.accessors.DatetimeProperties object at 0x0000016E5152D450>>
ORD1142,2025-06-18,Vikas,vikas38@gmail.com,9879878656.0,Mumbai,Maharashtra,Shoes,Fashion,5.0,1999.0,0.0,Card,Cancelled,2025-06-18,9995.0,9995.0,1999.0,June,2025.0,<bound method DatetimeArray.day_name of <pandas.core.indexes.accessors.DatetimeProperties object at 0x0000016E5152D450>>
ORD1143,2025-04-16,Neha,neha16@gmail.com,9599207109.0,Bengaluru,Karnataka,Chair,Furniture,5.0,4999.0,0.0,COD,Returned,2025-04-16,24995.0,24995.0,4999.0,April,2025.0,<bound method DatetimeArray.day_name of <pandas.core.indexes.accessors.DatetimeProperties object at 0x0000016E5152D450>>
ORD1144,,Vikas,vikas79@gmail.com,9571041137.0,Delhi,Delhi,Watch,Fashion,1.0,1499.0,0.0,Wallet,Returned,,1499.0,1499.0,299.8,,,<bound method DatetimeArray.day_name of <pandas.core.indexes.accessors.DatetimeProperties object at 0x0000016E5152D450>>
ORD1145,2025-04-27,Rahul,rahul70@gmail.com,9503257666.0,Mumbai,Maharashtra,Bottle,Home,1.0,1499.0,0.0,COD,Pending,2025-02-05,1499.0,1499.0,299.8,April,2025.0,<bound method DatetimeArray.day_name of <pandas.core.indexes.accessors.DatetimeProperties object at 0x0000016E5152D450>>
,2025-01-15,Sneha,sneha17@gmail.com,9151754926.0,Lucknow,Up,Bottle,Home,5.0,4999.0,5.0,COD,Returned,2025-01-15,24995.0,23745.25,4749.05,January,2025.0,<bound method DatetimeArray.day_name of <pandas.core.indexes.accessors.DatetimeProperties object at 0x0000016E5152D450>>
ORD1148,2025-03-28,Rahul,rahul11@gmail.com,9859241823.0,Mumbai,Maharashtra,Watch,Fashion,1.0,999.0,20.0,COD,Cancelled,2025-05-04,999.0,799.2,159.84000000000003,March,2025.0,<bound method DatetimeArray.day_name of <pandas.core.indexes.accessors.DatetimeProperties object at 0x0000016E5152D450>>
ORD1149,2025-04-01,Priya,priya44@gmail.com,9690060173.0,Pune,Maharashtra,Shoes,Fashion,2.0,1999.0,0.0,NetBanking,Returned,2025-10-04,3998.0,3998.0,799.6,April,2025.0,<bound method DatetimeArray.day_name of <pandas.core.indexes.accessors.DatetimeProperties object at 0x0000016E5152D450>>
ORD1150,2025-05-15,Rohit,rohit3@gmail.com,9783266736.0,Mumbai,Maharashtra,Shoes,Fashion,5.0,2599.0,10.0,UPI,Cancelled,2025-05-15,12995.0,11695.5,2339.1,May,2025.0,<bound method DatetimeArray.day_name of <pandas.core.indexes.accessors.DatetimeProperties object at 0x0000016E5152D450>>
ORD1151,2025-02-14,Amit,amit62@gmail.com,9779578645.0,Delhi,Delhi,Mouse,Electronics,1.0,2599.0,10.0,Wallet,Delivered,2025-02-14,2599.0,2339.1,467.82,February,2025.0,<bound method DatetimeArray.day_name of <pandas.core.indexes.accessors.DatetimeProperties object at 0x0000016E5152D450>>
ORD1152,2025-06-18,Sneha,sneha20@gmail.com,9205144628.0,Jaipur,Rajasthan,Shoes,Fashion,2.0,4999.0,0.0,Wallet,Pending,2025-06-18,9998.0,9998.0,1999.6000000000001,June,2025.0,<bound method DatetimeArray.day_name of <pandas.core.indexes.accessors.DatetimeProperties object at 0x0000016E5152D450>>
ORD1153,,Rohit,rohit92@gmail.com,9216677477.0,Bengaluru,Karnataka,Watch,Fashion,1.0,4999.0,0.0,Card,Returned,2025-12-06,4999.0,4999.0,999.8000000000001,,,<bound method DatetimeArray.day_name of <pandas.core.indexes.accessors.DatetimeProperties object at 0x0000016E5152D450>>
ORD1154,2025-04-24,Priya,priya58@gmail.com,Unknown,Pune,Maharashtra,Shoes,Fashion,5.0,2599.0,0.0,NetBanking,Delivered,2025-04-24,12995.0,12995.0,2599.0,April,2025.0,<bound method DatetimeArray.day_name of <pandas.core.indexes.accessors.DatetimeProperties object at 0x0000016E5152D450>>
ORD1158,2025-06-09,Rohit,rohit77@gmail.com,9893447040.0,Lucknow,Up,Chair,Furniture,2.0,9999.0,20.0,Wallet,Delivered,2025-06-09,19998.0,15998.4,3199.6800000000003,June,2025.0,<bound method DatetimeArray.day_name of <pandas.core.indexes.accessors.DatetimeProperties object at 0x0000016E5152D450>>
ORD1159,2025-03-11,Neha,neha72@gmail.com,9719104422.0,Bengaluru,Karnataka,Laptop,Electronics,3.0,2599.0,0.0,Wallet,Cancelled,2025-03-11,7797.0,7797.0,1559.4,March,2025.0,<bound method DatetimeArray.day_name of <pandas.core.indexes.accessors.DatetimeProperties object at 0x0000016E5152D450>>
ORD1160,,Priya,priya27@gmail.com,9203667343.0,Mumbai,Maharashtra,Bottle,Home,2.0,9999.0,20.0,COD,Delivered,,19998.0,15998.4,3199.6800000000003,,,<bound method DatetimeArray.day_name of <pandas.core.indexes.accessors.DatetimeProperties object at 0x0000016E5152D450>>
ORD1161,2025-06-30,Priya,priya55@gmail.com,9835595944.0,Mumbai,Maharashtra,Chair,Furniture,4.0,1499.0,20.0,Wallet,Delivered,2025-08-07,5996.0,4796.8,959.3600000000001,June,2025.0,<bound method DatetimeArray.day_name of <pandas.core.indexes.accessors.DatetimeProperties object at 0x0000016E5152D450>>
ORD1162,,Sneha,sneha8@gmail.com,9313737490.0,Delhi,Delhi,Watch,Fashion,1.0,2599.0,0.0,Card,Delivered,2025-01-04,2599.0,2599.0,519.8000000000001,,,<bound method DatetimeArray.day_name of <pandas.core.indexes.accessors.DatetimeProperties object at 0x0000016E5152D450>>
ORD1164,2025-04-03,Vikas,vikas56@gmail.com,9849315681.0,Lucknow,Up,Bottle,Home,5.0,2599.0,15.0,COD,Delivered,2025-10-04,12995.0,11045.75,2209.15,April,2025.0,<bound method DatetimeArray.day_name of <pandas.core.indexes.accessors.DatetimeProperties object at 0x0000016E5152D450>>
ORD1165,2025-04-19,Neha,neha28@gmail.com,9235161022.0,Mumbai,Maharashtra,Laptop,Electronics,2.0,499.0,0.0,UPI,Pending,2025-04-19,998.0,998.0,199.60000000000002,April,2025.0,<bound method DatetimeArray.day_name of <pandas.core.indexes.accessors.DatetimeProperties object at 0x0000016E5152D450>>
ORD1166,2025-04-02,Neha,neha3@gmail.com,9921574268.0,Delhi,Delhi,Chair,Furniture,5.0,1499.0,20.0,COD,Delivered,2025-04-04,7495.0,5996.0,1199.2,April,2025.0,<bound method DatetimeArray.day_name of <pandas.core.indexes.accessors.DatetimeProperties object at 0x0000016E5152D450>>
ORD1167,2025-05-25,Sneha,sneha62@gmail.com,9501654641.0,Mumbai,Maharashtra,Mouse,Electronics,3.0,499.0,0.0,NetBanking,Delivered,2025-05-25,1497.0,1497.0,299.40000000000003,May,2025.0,<bound method DatetimeArray.day_name of <pandas.core.indexes.accessors.DatetimeProperties object at 0x0000016E5152D450>>
ORD1168,2025-02-27,Vikas,vikas27@gmail.com,9983080625.0,Lucknow,Up,Watch,Fashion,1.0,2599.0,15.0,NetBanking,Returned,2025-05-03,2599.0,2209.15,441.83000000000004,February,2025.0,<bound method DatetimeArray.day_name of <pandas.core.indexes.accessors.DatetimeProperties object at 0x0000016E5152D450>>
ORD1169,2025-02-28,Rahul,rahul11@gmail.com,9846751763.0,Delhi,Delhi,Watch,Fashion,3.0,999.0,15.0,COD,Cancelled,2025-07-03,2997.0,2547.45,509.49,February,2025.0,<bound method DatetimeArray.day_name of <pandas.core.indexes.accessors.DatetimeProperties object at 0x0000016E5152D450>>
ORD1170,2025-01-21,Neha,neha82@gmail.com,9558798402.0,Jaipur,Rajasthan,Shoes,Fashion,5.0,1499.0,0.0,COD,Delivered,2025-01-21,7495.0,7495.0,1499.0,January,2025.0,<bound method DatetimeArray.day_name of <pandas.core.indexes.accessors.DatetimeProperties object at 0x0000016E5152D450>>
ORD1172,2025-02-26,Neha,neha16@gmail.com,9521714786.0,Pune,Maharashtra,Mouse,Electronics,3.0,499.0,0.0,Wallet,Pending,2025-04-03,1497.0,1497.0,299.40000000000003,February,2025.0,<bound method DatetimeArray.day_name of <pandas.core.indexes.accessors.DatetimeProperties object at 0x0000016E5152D450>>
ORD1173,2025-04-26,Rahul,rahul89@gmail.com,9999073839.0,Bengaluru,Karnataka,Watch,Fashion,1.0,4999.0,15.0,COD,Cancelled,2025-04-26,4999.0,4249.15,849.8299999999999,April,2025.0,<bound method DatetimeArray.day_name of <pandas.core.indexes.accessors.DatetimeProperties object at 0x0000016E5152D450>>
ORD1175,2025-02-26,Rahul,rahul22@gmail.com,9423004673.0,Delhi,Delhi,Watch,Fashion,1.0,1499.0,5.0,Wallet,Returned,2025-02-26,1499.0,1424.05,284.81,February,2025.0,<bound method DatetimeArray.day_name of <pandas.core.indexes.accessors.DatetimeProperties object at 0x0000016E5152D450>>
ORD1176,2025-06-03,Neha,neha19@gmail.com,Unknown,Mumbai,Maharashtra,Mouse,Electronics,3.0,4999.0,10.0,Wallet,Pending,2025-08-06,14997.0,13497.3,2699.46,June,2025.0,<bound method DatetimeArray.day_name of <pandas.core.indexes.accessors.DatetimeProperties object at 0x0000016E5152D450>>
ORD1177,2025-04-07,Priya,priya13@gmail.com,9461242197.0,Jaipur,Rajasthan,Shoes,Fashion,4.0,,20.0,COD,Returned,2025-04-07,,,,April,2025.0,<bound method DatetimeArray.day_name of <pandas.core.indexes.accessors.DatetimeProperties object at 0x0000016E5152D450>>
ORD1178,2025-04-26,Rohit,rohit52@gmail.com,9667967484.0,Lucknow,Up,Watch,Fashion,3.0,999.0,10.0,UPI,Cancelled,2025-06-05,2997.0,2697.3,539.46,April,2025.0,<bound method DatetimeArray.day_name of <pandas.core.indexes.accessors.DatetimeProperties object at 0x0000016E5152D450>>
ORD1179,2025-05-19,Amit,amit49@gmail.com,9617911882.0,Mumbai,Maharashtra,Watch,Fashion,4.0,4999.0,0.0,Card,Cancelled,2025-05-19,19996.0,19996.0,3999.2000000000003,May,2025.0,<bound method DatetimeArray.day_name of <pandas.core.indexes.accessors.DatetimeProperties object at 0x0000016E5152D450>>
ORD1181,2025-03-19,Amit,amit5@gmail.com,9421136377.0,Delhi,Delhi,Laptop,Electronics,3.0,1499.0,15.0,COD,Cancelled,2025-03-19,4497.0,3822.45,764.49,March,2025.0,<bound method DatetimeArray.day_name of <pandas.core.indexes.accessors.DatetimeProperties object at 0x0000016E5152D450>>
ORD1182,2025-06-25,Rahul,rahul46@gmail.com,9993898089.0,Bengaluru,Karnataka,Bottle,Home,5.0,499.0,20.0,NetBanking,Returned,2025-05-07,2495.0,1996.0,399.20000000000005,June,2025.0,<bound method DatetimeArray.day_name of <pandas.core.indexes.accessors.DatetimeProperties object at 0x0000016E5152D450>>
ORD1183,2025-04-12,Amit,amit77@gmail.com,9241602288.0,Delhi,Delhi,Bottle,Home,4.0,9999.0,20.0,NetBanking,Cancelled,2025-04-12,39996.0,31996.8,6399.360000000001,April,2025.0,<bound method DatetimeArray.day_name of <pandas.core.indexes.accessors.DatetimeProperties object at 0x0000016E5152D450>>
ORD1185,2025-02-14,Rahul,rahul56@gmail.com,9870048875.0,Delhi,Delhi,Watch,Fashion,1.0,999.0,0.0,NetBanking,Cancelled,2025-02-14,999.0,999.0,199.8,February,2025.0,<bound method DatetimeArray.day_name of <pandas.core.indexes.accessors.DatetimeProperties object at 0x0000016E5152D450>>
ORD1187,2025-06-06,Rahul,rahul91@gmail.com,9299209389.0,Delhi,Delhi,Mouse,Electronics,5.0,2599.0,0.0,Card,Returned,2025-06-06,12995.0,12995.0,2599.0,June,2025.0,<bound method DatetimeArray.day_name of <pandas.core.indexes.accessors.DatetimeProperties object at 0x0000016E5152D450>>
ORD1189,,Neha,neha84@gmail.com,9104440852.0,Pune,Maharashtra,Shoes,Fashion,2.0,499.0,0.0,UPI,Pending,2025-07-05,998.0,998.0,199.60000000000002,,,<bound method DatetimeArray.day_name of <pandas.core.indexes.accessors.DatetimeProperties object at 0x0000016E5152D450>>
ORD1190,2025-06-27,Rohit,rohit72@gmail.com,9828064790.0,Bengaluru,Karnataka,Laptop,Electronics,3.0,1499.0,0.0,NetBanking,Delivered,2025-06-27,4497.0,4497.0,899.4000000000001,June,2025.0,<bound method DatetimeArray.day_name of <pandas.core.indexes.accessors.DatetimeProperties object at 0x0000016E5152D450>>
ORD1191,2025-05-10,Sneha,sneha85@gmail.com,9260651088.0,Bengaluru,Karnataka,Bottle,Home,3.0,,20.0,Wallet,Delivered,2025-05-10,,,,May,2025.0,<bound method DatetimeArray.day_name of <pandas.core.indexes.accessors.DatetimeProperties object at 0x0000016E5152D450>>
ORD1192,2025-04-10,Sneha,sneha47@gmail.com,9346739926.0,Lucknow,Up,Chair,Furniture,2.0,1499.0,0.0,UPI,Returned,2025-04-10,2998.0,2998.0,599.6,April,2025.0,<bound method DatetimeArray.day_name of <pandas.core.indexes.accessors.DatetimeProperties object at 0x0000016E5152D450>>
ORD1193,2025-02-24,Rahul,rahul83@gmail.com,9914184322.0,Pune,Maharashtra,Bottle,Home,3.0,499.0,0.0,Wallet,Returned,2025-01-03,1497.0,1497.0,299.40000000000003,February,2025.0,<bound method DatetimeArray.day_name of <pandas.core.indexes.accessors.DatetimeProperties object at 0x0000016E5152D450>>
ORD1194,2025-05-17,Neha,neha48@gmail.com,9251581328.0,Bengaluru,Karnataka,Laptop,Electronics,5.0,1499.0,0.0,Card,Delivered,2025-05-17,7495.0,7495.0,1499.0,May,2025.0,<bound method DatetimeArray.day_name of <pandas.core.indexes.accessors.DatetimeProperties object at 0x0000016E5152D450>>
ORD1195,2025-06-26,Rahul,rahul97@gmail.com,9670476961.0,Pune,Maharashtra,Shoes,Fashion,2.0,9999.0,20.0,COD,Delivered,2025-01-07,19998.0,15998.4,3199.6800000000003,June,2025.0,<bound method DatetimeArray.day_name of <pandas.core.indexes.accessors.DatetimeProperties object at 0x0000016E5152D450>>
ORD1196,2025-05-19,Rohit,rohit36@gmail.com,9343829003.0,Lucknow,Up,Laptop,Electronics,4.0,9999.0,20.0,COD,Delivered,2025-05-19,39996.0,31996.8,6399.360000000001,May,2025.0,<bound method DatetimeArray.day_name of <pandas.core.indexes.accessors.DatetimeProperties object at 0x0000016E5152D450>>
ORD1197,2025-03-31,Rahul,rahul76@gmail.com,9977813525.0,Mumbai,Maharashtra,Watch,Fashion,5.0,499.0,0.0,COD,Delivered,2025-07-04,2495.0,2495.0,499.0,March,2025.0,<bound method DatetimeArray.day_name of <pandas.core.indexes.accessors.DatetimeProperties object at 0x0000016E5152D450>>
ORD1200,,Rohit,rohit8@gmail.com,9900633970.0,Jaipur,Rajasthan,Mouse,Electronics,4.0,1499.0,5.0,Wallet,Pending,,5996.0,5696.2,1139.24,,,<bound method DatetimeArray.day_name of <pandas.core.indexes.accessors.DatetimeProperties object at 0x0000016E5152D450>>
ORD1201,2025-01-24,Rohit,rohit31@gmail.com,9117012775.0,Bengaluru,Karnataka,Shoes,Fashion,2.0,1999.0,0.0,UPI,Delivered,2025-01-24,3998.0,3998.0,799.6,January,2025.0,<bound method DatetimeArray.day_name of <pandas.core.indexes.accessors.DatetimeProperties object at 0x0000016E5152D450>>
ORD1202,2025-05-16,Rohit,rohit29@gmail.com,9297341581.0,Bengaluru,Karnataka,Chair,Furniture,5.0,9999.0,0.0,Wallet,Delivered,2025-05-16,49995.0,49995.0,9999.0,May,2025.0,<bound method DatetimeArray.day_name of <pandas.core.indexes.accessors.DatetimeProperties object at 0x0000016E5152D450>>
ORD1203,2025-04-29,Vikas,vikas36@gmail.com,9900923665.0,Bengaluru,Karnataka,Bottle,Home,4.0,2599.0,20.0,UPI,Cancelled,2025-07-05,10396.0,8316.8,1663.36,April,2025.0,<bound method DatetimeArray.day_name of <pandas.core.indexes.accessors.DatetimeProperties object at 0x0000016E5152D450>>
ORD1204,2025-04-27,Amit,amit28@gmail.com,9221581146.0,Lucknow,Up,Chair,Furniture,2.0,2599.0,0.0,NetBanking,Pending,2025-02-05,5198.0,5198.0,1039.6000000000001,April,2025.0,<bound method DatetimeArray.day_name of <pandas.core.indexes.accessors.DatetimeProperties object at 0x0000016E5152D450>>
ORD1206,2025-03-17,Vikas,vikas95@gmail.com,9428593006.0,Bengaluru,Karnataka,Chair,Furniture,2.0,9999.0,0.0,UPI,Cancelled,2025-03-17,19998.0,19998.0,3999.6000000000004,March,2025.0,<bound method DatetimeArray.day_name of <pandas.core.indexes.accessors.DatetimeProperties object at 0x0000016E5152D450>>
ORD1207,,Neha,neha51@gmail.com,9327323248.0,Delhi,Delhi,Laptop,Electronics,2.0,4999.0,20.0,UPI,Delivered,,9998.0,7998.4,1599.68,,,<bound method DatetimeArray.day_name of <pandas.core.indexes.accessors.DatetimeProperties object at 0x0000016E5152D450>>
ORD1212,2025-01-14,Rohit,rohit67@gmail.com,9919764359.0,Pune,Maharashtra,Laptop,Electronics,5.0,1999.0,20.0,NetBanking,Delivered,2025-01-14,9995.0,7996.0,1599.2,January,2025.0,<bound method DatetimeArray.day_name of <pandas.core.indexes.accessors.DatetimeProperties object at 0x0000016E5152D450>>
ORD1213,2025-03-24,Vikas,vikas32@gmail.com,9725923904.0,Mumbai,Maharashtra,Mouse,Electronics,5.0,1499.0,0.0,UPI,Cancelled,2025-03-04,7495.0,7495.0,1499.0,March,2025.0,<bound method DatetimeArray.day_name of <pandas.core.indexes.accessors.DatetimeProperties object at 0x0000016E5152D450>>
ORD1214,2025-01-22,Neha,neha23@gmail.com,9763321213.0,Lucknow,Up,Shoes,Fashion,5.0,,0.0,NetBanking,Pending,2025-01-02,,,,January,2025.0,<bound method DatetimeArray.day_name of <pandas.core.indexes.accessors.DatetimeProperties object at 0x0000016E5152D450>>
ORD1215,2025-04-11,Vikas,vikas57@gmail.com,9116763158.0,Jaipur,Rajasthan,Mouse,Electronics,5.0,9999.0,0.0,Wallet,Returned,2025-04-11,49995.0,49995.0,9999.0,April,2025.0,<bound method DatetimeArray.day_name of <pandas.core.indexes.accessors.DatetimeProperties object at 0x0000016E5152D450>>
ORD1218,2025-05-21,Amit,amit29@gmail.com,9171906382.0,Lucknow,Up,Bottle,Home,2.0,1499.0,20.0,UPI,Returned,2025-05-21,2998.0,2398.4,479.68000000000006,May,2025.0,<bound method DatetimeArray.day_name of <pandas.core.indexes.accessors.DatetimeProperties object at 0x0000016E5152D450>>
,2025-01-26,Rahul,rahul38@gmail.com,9240228562.0,Mumbai,Maharashtra,Mouse,Electronics,5.0,499.0,10.0,UPI,Pending,2025-01-26,2495.0,2245.5,449.1,January,2025.0,<bound method DatetimeArray.day_name of <pandas.core.indexes.accessors.DatetimeProperties object at 0x0000016E5152D450>>
ORD1220,2025-04-04,Rohit,rohit96@gmail.com,Unknown,Bengaluru,Karnataka,Watch,Fashion,1.0,9999.0,10.0,COD,Returned,2025-08-04,9999.0,8999.1,1799.8200000000002,April,2025.0,<bound method DatetimeArray.day_name of <pandas.core.indexes.accessors.DatetimeProperties object at 0x0000016E5152D450>>
ORD1221,2025-02-02,Vikas,vikas94@gmail.com,9250810488.0,Lucknow,Up,Bottle,Home,5.0,999.0,15.0,NetBanking,Returned,2025-08-02,4995.0,4245.75,849.1500000000001,February,2025.0,<bound method DatetimeArray.day_name of <pandas.core.indexes.accessors.DatetimeProperties object at 0x0000016E5152D450>>
ORD1222,2025-05-27,Sneha,sneha39@gmail.com,9835766723.0,Lucknow,Up,Watch,Fashion,3.0,4999.0,15.0,Wallet,Returned,2025-05-27,14997.0,12747.45,2549.4900000000002,May,2025.0,<bound method DatetimeArray.day_name of <pandas.core.indexes.accessors.DatetimeProperties object at 0x0000016E5152D450>>
ORD1223,2025-05-01,Vikas,vikas81@gmail.com,9706847038.0,Pune,Maharashtra,Watch,Fashion,5.0,4999.0,10.0,COD,Cancelled,2025-10-05,24995.0,22495.5,4499.1,May,2025.0,<bound method DatetimeArray.day_name of <pandas.core.indexes.accessors.DatetimeProperties object at 0x0000016E5152D450>>
ORD1224,2025-03-15,Rahul,rahul61@gmail.com,9378954231.0,Mumbai,Maharashtra,Mouse,Electronics,2.0,4999.0,0.0,COD,Returned,2025-03-15,9998.0,9998.0,1999.6000000000001,March,2025.0,<bound method DatetimeArray.day_name of <pandas.core.indexes.accessors.DatetimeProperties object at 0x0000016E5152D450>>
ORD1226,2025-01-16,Rohit,rohit61@gmail.com,9334158867.0,Mumbai,Maharashtra,Watch,Fashion,5.0,499.0,20.0,UPI,Cancelled,2025-01-16,2495.0,1996.0,399.20000000000005,January,2025.0,<bound method DatetimeArray.day_name of <pandas.core.indexes.accessors.DatetimeProperties object at 0x0000016E5152D450>>
ORD1227,2025-01-15,Rohit,rohit73@gmail.com,9753446036.0,Lucknow,Up,Bottle,Home,2.0,499.0,10.0,NetBanking,Returned,2025-01-15,998.0,898.2,179.64000000000001,January,2025.0,<bound method DatetimeArray.day_name of <pandas.core.indexes.accessors.DatetimeProperties object at 0x0000016E5152D450>>
ORD1228,2025-03-06,Priya,priya72@gmail.com,9286654600.0,Bengaluru,Karnataka,Shoes,Fashion,2.0,499.0,15.0,Wallet,Pending,2025-12-03,998.0,848.3,169.66,March,2025.0,<bound method DatetimeArray.day_name of <pandas.core.indexes.accessors.DatetimeProperties object at 0x0000016E5152D450>>
ORD1229,2025-06-06,Rohit,rohit55@gmail.com,9202480572.0,Jaipur,Rajasthan,Bottle,Home,5.0,499.0,10.0,Wallet,Returned,2025-10-06,2495.0,2245.5,449.1,June,2025.0,<bound method DatetimeArray.day_name of <pandas.core.indexes.accessors.DatetimeProperties object at 0x0000016E5152D450>>
ORD1230,2025-01-23,Priya,priya62@gmail.com,9703144165.0,Delhi,Delhi,Shoes,Fashion,3.0,4999.0,0.0,NetBanking,Delivered,2025-02-02,14997.0,14997.0,2999.4,January,2025.0,<bound method DatetimeArray.day_name of <pandas.core.indexes.accessors.DatetimeProperties object at 0x0000016E5152D450>>
ORD1231,2025-05-07,Neha,neha57@gmail.com,9311923454.0,Lucknow,Up,Bottle,Home,2.0,499.0,0.0,UPI,Delivered,2025-10-05,998.0,998.0,199.60000000000002,May,2025.0,<bound method DatetimeArray.day_name of <pandas.core.indexes.accessors.DatetimeProperties object at 0x0000016E5152D450>>
ORD1233,2025-04-23,Amit,amit78@gmail.com,9170597569.0,Delhi,Delhi,Bottle,Home,4.0,999.0,20.0,NetBanking,Pending,2025-04-23,3996.0,3196.8,639.3600000000001,April,2025.0,<bound method DatetimeArray.day_name of <pandas.core.indexes.accessors.DatetimeProperties object at 0x0000016E5152D450>>
ORD1234,,Rahul,rahul71@gmail.com,9252370625.0,Mumbai,Maharashtra,Mouse,Electronics,4.0,2599.0,20.0,COD,Delivered,,10396.0,8316.8,1663.36,,,<bound method DatetimeArray.day_name of <pandas.core.indexes.accessors.DatetimeProperties object at 0x0000016E5152D450>>
ORD1235,2025-06-10,Rohit,rohit82@gmail.com,9786681008.0,Mumbai,Maharashtra,Laptop,Electronics,5.0,9999.0,0.0,Wallet,Returned,2025-06-10,49995.0,49995.0,9999.0,June,2025.0,<bound method DatetimeArray.day_name of <pandas.core.indexes.accessors.DatetimeProperties object at 0x0000016E5152D450>>
ORD1236,2025-03-30,Sneha,sneha52@gmail.com,9467598211.0,Pune,Maharashtra,Shoes,Fashion,5.0,4999.0,20.0,UPI,Returned,2025-08-04,24995.0,19996.0,3999.2000000000003,March,2025.0,<bound method DatetimeArray.day_name of <pandas.core.indexes.accessors.DatetimeProperties object at 0x0000016E5152D450>>
ORD1237,2025-02-08,Sneha,sneha64@gmail.com,9609840956.0,Delhi,Delhi,Mouse,Electronics,5.0,2599.0,10.0,NetBanking,Pending,2025-12-02,12995.0,11695.5,2339.1,February,2025.0,<bound method DatetimeArray.day_name of <pandas.core.indexes.accessors.DatetimeProperties object at 0x0000016E5152D450>>
ORD1238,2025-02-13,Sneha,sneha20@gmail.com,9215923777.0,Jaipur,Rajasthan,Chair,Furniture,3.0,2599.0,20.0,Wallet,Returned,2025-02-13,7797.0,6237.6,1247.5200000000002,February,2025.0,<bound method DatetimeArray.day_name of <pandas.core.indexes.accessors.DatetimeProperties object at 0x0000016E5152D450>>
ORD1239,2025-02-02,Amit,amit99@gmail.com,9298132383.0,Delhi,Delhi,Mouse,Electronics,4.0,4999.0,20.0,COD,Delivered,2025-09-02,19996.0,15996.8,3199.36,February,2025.0,<bound method DatetimeArray.day_name of <pandas.core.indexes.accessors.DatetimeProperties object at 0x0000016E5152D450>>
ORD1240,,Rahul,rahul41@gmail.com,9473396808.0,Pune,Maharashtra,Laptop,Electronics,1.0,1999.0,10.0,Wallet,Pending,,1999.0,1799.1,359.82,,,<bound method DatetimeArray.day_name of <pandas.core.indexes.accessors.DatetimeProperties object at 0x0000016E5152D450>>
ORD1241,2025-04-13,Rahul,rahul74@gmail.com,9266228954.0,Delhi,Delhi,Chair,Furniture,5.0,1499.0,0.0,COD,Cancelled,2025-04-13,7495.0,7495.0,1499.0,April,2025.0,<bound method DatetimeArray.day_name of <pandas.core.indexes.accessors.DatetimeProperties object at 0x0000016E5152D450>>
ORD1242,2025-06-18,Priya,priya44@gmail.com,Unknown,Bengaluru,Karnataka,Chair,Furniture,4.0,9999.0,20.0,NetBanking,Returned,2025-06-18,39996.0,31996.8,6399.360000000001,June,2025.0,<bound method DatetimeArray.day_name of <pandas.core.indexes.accessors.DatetimeProperties object at 0x0000016E5152D450>>
ORD1243,,Neha,neha72@gmail.com,9384057702.0,Lucknow,Up,Chair,Furniture,5.0,999.0,0.0,Wallet,Cancelled,,4995.0,4995.0,999.0,,,<bound method DatetimeArray.day_name of <pandas.core.indexes.accessors.DatetimeProperties object at 0x0000016E5152D450>>
ORD1244,2025-01-19,Amit,amit54@gmail.com,9855809712.0,Mumbai,Maharashtra,Shoes,Fashion,5.0,499.0,10.0,Card,Pending,2025-01-19,2495.0,2245.5,449.1,January,2025.0,<bound method DatetimeArray.day_name of <pandas.core.indexes.accessors.DatetimeProperties object at 0x0000016E5152D450>>
ORD1245,2025-04-20,Rahul,rahul89@gmail.com,9549999839.0,Delhi,Delhi,Chair,Furniture,5.0,1499.0,10.0,COD,Pending,2025-04-20,7495.0,6745.5,1349.1000000000001,April,2025.0,<bound method DatetimeArray.day_name of <pandas.core.indexes.accessors.DatetimeProperties object at 0x0000016E5152D450>>
ORD1246,2025-06-18,Sneha,sneha96@gmail.com,9947789147.0,Mumbai,Maharashtra,Watch,Fashion,4.0,,0.0,UPI,Returned,2025-06-18,,,,June,2025.0,<bound method DatetimeArray.day_name of <pandas.core.indexes.accessors.DatetimeProperties object at 0x0000016E5152D450>>
ORD1247,2025-06-28,Amit,amit15@gmail.com,9343013197.0,Delhi,Delhi,Chair,Furniture,5.0,1999.0,5.0,Card,Delivered,2025-01-07,9995.0,9495.25,1899.0500000000002,June,2025.0,<bound method DatetimeArray.day_name of <pandas.core.indexes.accessors.DatetimeProperties object at 0x0000016E5152D450>>
ORD1249,2025-04-17,Vikas,vikas45@gmail.com,9491984023.0,Mumbai,Maharashtra,Mouse,Electronics,5.0,499.0,0.0,COD,Cancelled,2025-04-17,2495.0,2495.0,499.0,April,2025.0,<bound method DatetimeArray.day_name of <pandas.core.indexes.accessors.DatetimeProperties object at 0x0000016E5152D450>>
ORD1251,2025-06-26,Neha,neha24@gmail.com,9849220357.0,Mumbai,Maharashtra,Watch,Fashion,3.0,1999.0,20.0,Wallet,Cancelled,2025-05-07,5997.0,4797.6,959.5200000000001,June,2025.0,<bound method DatetimeArray.day_name of <pandas.core.indexes.accessors.DatetimeProperties object at 0x0000016E5152D450>>
ORD1253,2025-03-27,Priya,priya3@gmail.com,9739892616.0,Pune,Maharashtra,Laptop,Electronics,5.0,1999.0,0.0,NetBanking,Cancelled,2025-01-04,9995.0,9995.0,1999.0,March,2025.0,<bound method DatetimeArray.day_name of <pandas.core.indexes.accessors.DatetimeProperties object at 0x0000016E5152D450>>
ORD1256,2025-01-02,Rahul,rahul71@gmail.com,9808851312.0,Mumbai,Maharashtra,Laptop,Electronics,2.0,499.0,15.0,COD,Pending,2025-07-01,998.0,848.3,169.66,January,2025.0,<bound method DatetimeArray.day_name of <pandas.core.indexes.accessors.DatetimeProperties object at 0x0000016E5152D450>>
ORD1258,2025-02-13,Neha,neha55@gmail.com,9196604908.0,Lucknow,Up,Shoes,Fashion,2.0,4999.0,15.0,NetBanking,Delivered,2025-02-13,9998.0,8498.3,1699.6599999999999,February,2025.0,<bound method DatetimeArray.day_name of <pandas.core.indexes.accessors.DatetimeProperties object at 0x0000016E5152D450>>
ORD1259,2025-03-21,Rahul,rahul55@gmail.com,9414758374.0,Delhi,Delhi,Mouse,Electronics,5.0,999.0,0.0,Wallet,Returned,2025-03-21,4995.0,4995.0,999.0,March,2025.0,<bound method DatetimeArray.day_name of <pandas.core.indexes.accessors.DatetimeProperties object at 0x0000016E5152D450>>
ORD1262,2025-06-29,Sneha,sneha24@gmail.com,9282445351.0,Pune,Maharashtra,Bottle,Home,5.0,499.0,10.0,Card,Returned,2025-07-07,2495.0,2245.5,449.1,June,2025.0,<bound method DatetimeArray.day_name of <pandas.core.indexes.accessors.DatetimeProperties object at 0x0000016E5152D450>>
ORD1263,2025-05-23,Amit,amit89@gmail.com,9432372075.0,Mumbai,Maharashtra,Laptop,Electronics,3.0,1999.0,10.0,Wallet,Returned,2025-05-23,5997.0,5397.3,1079.46,May,2025.0,<bound method DatetimeArray.day_name of <pandas.core.indexes.accessors.DatetimeProperties object at 0x0000016E5152D450>>
ORD1266,2025-04-12,Sneha,sneha10@gmail.com,9408316749.0,Mumbai,Maharashtra,Shoes,Fashion,3.0,499.0,15.0,COD,Delivered,2025-04-12,1497.0,1272.45,254.49,April,2025.0,<bound method DatetimeArray.day_name of <pandas.core.indexes.accessors.DatetimeProperties object at 0x0000016E5152D450>>
ORD1267,2025-01-09,Neha,neha54@gmail.com,9588418445.0,Mumbai,Maharashtra,Mouse,Electronics,4.0,499.0,10.0,Wallet,Cancelled,2025-01-09,1996.0,1796.4,359.28000000000003,January,2025.0,<bound method DatetimeArray.day_name of <pandas.core.indexes.accessors.DatetimeProperties object at 0x0000016E5152D450>>
ORD1268,2025-02-12,Neha,neha99@gmail.com,9434349945.0,Jaipur,Rajasthan,Watch,Fashion,3.0,9999.0,20.0,UPI,Pending,2025-02-12,29997.0,23997.6,4799.5199999999995,February,2025.0,<bound method DatetimeArray.day_name of <pandas.core.indexes.accessors.DatetimeProperties object at 0x0000016E5152D450>>
ORD1271,2025-06-12,Rohit,rohit72@gmail.com,9387139728.0,Pune,Maharashtra,Shoes,Fashion,5.0,2599.0,0.0,UPI,Returned,2025-06-12,12995.0,12995.0,2599.0,June,2025.0,<bound method DatetimeArray.day_name of <pandas.core.indexes.accessors.DatetimeProperties object at 0x0000016E5152D450>>
ORD1273,2025-05-19,Vikas,vikas29@gmail.com,9933581073.0,Bengaluru,Karnataka,Bottle,Home,5.0,999.0,15.0,NetBanking,Pending,2025-05-19,4995.0,4245.75,849.1500000000001,May,2025.0,<bound method DatetimeArray.day_name of <pandas.core.indexes.accessors.DatetimeProperties object at 0x0000016E5152D450>>
ORD1275,2025-03-15,Priya,priya71@gmail.com,9884785474.0,Pune,Maharashtra,Shoes,Fashion,1.0,1999.0,0.0,COD,Returned,2025-03-15,1999.0,1999.0,399.8,March,2025.0,<bound method DatetimeArray.day_name of <pandas.core.indexes.accessors.DatetimeProperties object at 0x0000016E5152D450>>
ORD1276,2025-01-22,Rahul,rahul20@gmail.com,9738093025.0,Mumbai,Maharashtra,Shoes,Fashion,1.0,1999.0,5.0,Wallet,Cancelled,2025-01-22,1999.0,1899.05,379.81,January,2025.0,<bound method DatetimeArray.day_name of <pandas.core.indexes.accessors.DatetimeProperties object at 0x0000016E5152D450>>
ORD1277,2025-03-21,Sneha,sneha4@gmail.com,9514685895.0,Bengaluru,Karnataka,Chair,Furniture,2.0,2599.0,15.0,COD,Returned,2025-03-21,5198.0,4418.3,883.6600000000001,March,2025.0,<bound method DatetimeArray.day_name of <pandas.core.indexes.accessors.DatetimeProperties object at 0x0000016E5152D450>>
ORD1278,2025-05-31,Amit,amit21@gmail.com,9142819354.0,Pune,Maharashtra,Watch,Fashion,2.0,4999.0,0.0,UPI,Delivered,2025-04-06,9998.0,9998.0,1999.6000000000001,May,2025.0,<bound method DatetimeArray.day_name of <pandas.core.indexes.accessors.DatetimeProperties object at 0x0000016E5152D450>>
ORD1280,,Rahul,rahul74@gmail.com,9352557106.0,Pune,Maharashtra,Laptop,Electronics,4.0,1999.0,10.0,Card,Delivered,,7996.0,7196.4,1439.28,,,<bound method DatetimeArray.day_name of <pandas.core.indexes.accessors.DatetimeProperties object at 0x0000016E5152D450>>
ORD1283,2025-04-26,Vikas,vikas32@gmail.com,9297674020.0,Jaipur,Rajasthan,Laptop,Electronics,5.0,1499.0,20.0,COD,Returned,2025-06-05,7495.0,5996.0,1199.2,April,2025.0,<bound method DatetimeArray.day_name of <pandas.core.indexes.accessors.DatetimeProperties object at 0x0000016E5152D450>>
ORD1285,2025-05-13,Rahul,rahul62@gmail.com,9780966201.0,Lucknow,Up,Watch,Fashion,1.0,1999.0,0.0,UPI,Cancelled,2025-05-13,1999.0,1999.0,399.8,May,2025.0,<bound method DatetimeArray.day_name of <pandas.core.indexes.accessors.DatetimeProperties object at 0x0000016E5152D450>>
ORD1286,2025-04-03,Sneha,sneha18@gmail.com,Unknown,Mumbai,Maharashtra,Shoes,Fashion,5.0,999.0,0.0,Card,Delivered,2025-06-04,4995.0,4995.0,999.0,April,2025.0,<bound method DatetimeArray.day_name of <pandas.core.indexes.accessors.DatetimeProperties object at 0x0000016E5152D450>>
ORD1288,,Priya,priya37@gmail.com,9149442884.0,Bengaluru,Karnataka,Laptop,Electronics,1.0,4999.0,0.0,Wallet,Cancelled,2025-03-04,4999.0,4999.0,999.8000000000001,,,<bound method DatetimeArray.day_name of <pandas.core.indexes.accessors.DatetimeProperties object at 0x0000016E5152D450>>
ORD1289,2025-03-31,Vikas,vikas42@gmail.com,9651366276.0,Jaipur,Rajasthan,Watch,Fashion,5.0,999.0,0.0,COD,Delivered,2025-03-04,4995.0,4995.0,999.0,March,2025.0,<bound method DatetimeArray.day_name of <pandas.core.indexes.accessors.DatetimeProperties object at 0x0000016E5152D450>>
ORD1291,2025-03-26,Amit,amit94@gmail.com,9934522676.0,Delhi,Delhi,Bottle,Home,2.0,999.0,0.0,Card,Pending,2025-03-26,1998.0,1998.0,399.6,March,2025.0,<bound method DatetimeArray.day_name of <pandas.core.indexes.accessors.DatetimeProperties object at 0x0000016E5152D450>>
,2025-06-24,Rahul,rahul60@gmail.com,9250231514.0,Pune,Maharashtra,Laptop,Electronics,2.0,1499.0,0.0,COD,Pending,2025-06-24,2998.0,2998.0,599.6,June,2025.0,<bound method DatetimeArray.day_name of <pandas.core.indexes.accessors.DatetimeProperties object at 0x0000016E5152D450>>
ORD1293,2025-03-14,Rahul,rahul10@gmail.com,9168263225.0,Bengaluru,Karnataka,Laptop,Electronics,3.0,,0.0,UPI,Returned,2025-03-14,,,,March,2025.0,<bound method DatetimeArray.day_name of <pandas.core.indexes.accessors.DatetimeProperties object at 0x0000016E5152D450>>
ORD1296,2025-06-25,Sneha,sneha88@gmail.com,9807038611.0,Pune,Maharashtra,Laptop,Electronics,5.0,,0.0,Wallet,Pending,2025-06-25,,,,June,2025.0,<bound method DatetimeArray.day_name of <pandas.core.indexes.accessors.DatetimeProperties object at 0x0000016E5152D450>>
ORD1297,,Sneha,sneha36@gmail.com,9321478481.0,Bengaluru,Karnataka,Shoes,Fashion,3.0,9999.0,15.0,Wallet,Pending,,29997.0,25497.45,5099.490000000001,,,<bound method DatetimeArray.day_name of <pandas.core.indexes.accessors.DatetimeProperties object at 0x0000016E5152D450>>
ORD1299,2025-05-12,Rohit,rohit84@gmail.com,9519363731.0,Mumbai,Maharashtra,Shoes,Fashion,5.0,1999.0,0.0,UPI,Returned,2025-05-12,9995.0,9995.0,1999.0,May,2025.0,<bound method DatetimeArray.day_name of <pandas.core.indexes.accessors.DatetimeProperties object at 0x0000016E5152D450>>
ORD1300,2025-02-25,Amit,amit19@gmail.com,9222483704.0,Jaipur,Rajasthan,Bottle,Home,1.0,499.0,5.0,NetBanking,Delivered,2025-02-25,499.0,474.05,94.81,February,2025.0,<bound method DatetimeArray.day_name of <pandas.core.indexes.accessors.DatetimeProperties object at 0x0000016E5152D450>>
ORD1302,2025-05-20,Amit,amit79@gmail.com,9239911474.0,Bengaluru,Karnataka,Watch,Fashion,2.0,4999.0,0.0,COD,Returned,2025-05-20,9998.0,9998.0,1999.6000000000001,May,2025.0,<bound method DatetimeArray.day_name of <pandas.core.indexes.accessors.DatetimeProperties object at 0x0000016E5152D450>>
ORD1303,2025-06-20,Rahul,rahul6@gmail.com,9432269451.0,Jaipur,Rajasthan,Shoes,Fashion,3.0,,15.0,Wallet,Delivered,2025-06-20,,,,June,2025.0,<bound method DatetimeArray.day_name of <pandas.core.indexes.accessors.DatetimeProperties object at 0x0000016E5152D450>>
ORD1305,2025-02-09,Vikas,vikas86@gmail.com,9523265367.0,Bengaluru,Karnataka,Chair,Furniture,4.0,1999.0,0.0,COD,Delivered,2025-12-02,7996.0,7996.0,1599.2,February,2025.0,<bound method DatetimeArray.day_name of <pandas.core.indexes.accessors.DatetimeProperties object at 0x0000016E5152D450>>
ORD1306,,Sneha,sneha87@gmail.com,9217558569.0,Mumbai,Maharashtra,Mouse,Electronics,1.0,999.0,0.0,Wallet,Delivered,2025-12-01,999.0,999.0,199.8,,,<bound method DatetimeArray.day_name of <pandas.core.indexes.accessors.DatetimeProperties object at 0x0000016E5152D450>>
ORD1307,2025-02-19,Amit,amit22@gmail.com,9261952088.0,Bengaluru,Karnataka,Laptop,Electronics,5.0,9999.0,0.0,NetBanking,Delivered,2025-02-19,49995.0,49995.0,9999.0,February,2025.0,<bound method DatetimeArray.day_name of <pandas.core.indexes.accessors.DatetimeProperties object at 0x0000016E5152D450>>
ORD1308,2025-02-09,Rahul,rahul41@gmail.com,Unknown,Delhi,Delhi,Chair,Furniture,2.0,1499.0,5.0,COD,Pending,2025-12-02,2998.0,2848.1,569.62,February,2025.0,<bound method DatetimeArray.day_name of <pandas.core.indexes.accessors.DatetimeProperties object at 0x0000016E5152D450>>
ORD1309,2025-04-08,Sneha,sneha88@gmail.com,9392114679.0,Jaipur,Rajasthan,Shoes,Fashion,2.0,1999.0,20.0,COD,Cancelled,2025-04-08,3998.0,3198.4,639.6800000000001,April,2025.0,<bound method DatetimeArray.day_name of <pandas.core.indexes.accessors.DatetimeProperties object at 0x0000016E5152D450>>
ORD1311,2025-06-23,Sneha,sneha18@gmail.com,9199150123.0,Jaipur,Rajasthan,Bottle,Home,4.0,1999.0,15.0,Wallet,Pending,2025-02-07,7996.0,6796.6,1359.3200000000002,June,2025.0,<bound method DatetimeArray.day_name of <pandas.core.indexes.accessors.DatetimeProperties object at 0x0000016E5152D450>>
ORD1312,2025-02-03,Amit,amit19@gmail.com,9113360501.0,Pune,Maharashtra,Laptop,Electronics,5.0,9999.0,5.0,COD,Cancelled,2025-08-02,49995.0,47495.25,9499.050000000001,February,2025.0,<bound method DatetimeArray.day_name of <pandas.core.indexes.accessors.DatetimeProperties object at 0x0000016E5152D450>>
ORD1313,2025-03-12,Vikas,vikas2@gmail.com,9296775424.0,Lucknow,Up,Bottle,Home,2.0,499.0,10.0,Wallet,Returned,2025-03-12,998.0,898.2,179.64000000000001,March,2025.0,<bound method DatetimeArray.day_name of <pandas.core.indexes.accessors.DatetimeProperties object at 0x0000016E5152D450>>
ORD1314,2025-01-14,Vikas,vikas8@gmail.com,9612657813.0,Pune,Maharashtra,Chair,Furniture,5.0,4999.0,5.0,COD,Delivered,2025-01-14,24995.0,23745.25,4749.05,January,2025.0,<bound method DatetimeArray.day_name of <pandas.core.indexes.accessors.DatetimeProperties object at 0x0000016E5152D450>>
ORD1315,,Rohit,rohit38@gmail.com,9122667888.0,Lucknow,Up,Laptop,Electronics,4.0,499.0,0.0,NetBanking,Delivered,2025-11-06,1996.0,1996.0,399.20000000000005,,,<bound method DatetimeArray.day_name of <pandas.core.indexes.accessors.DatetimeProperties object at 0x0000016E5152D450>>
ORD1316,2025-02-14,Amit,amit95@gmail.com,9399340561.0,Jaipur,Rajasthan,Bottle,Home,3.0,,15.0,UPI,Delivered,2025-02-14,,,,February,2025.0,<bound method DatetimeArray.day_name of <pandas.core.indexes.accessors.DatetimeProperties object at 0x0000016E5152D450>>
ORD1317,2025-02-11,Sneha,sneha63@gmail.com,9849913603.0,Jaipur,Rajasthan,Shoes,Fashion,4.0,,0.0,NetBanking,Delivered,2025-02-11,,,,February,2025.0,<bound method DatetimeArray.day_name of <pandas.core.indexes.accessors.DatetimeProperties object at 0x0000016E5152D450>>
ORD1318,2025-02-21,Rahul,rahul73@gmail.com,9771789560.0,Bengaluru,Karnataka,Bottle,Home,2.0,499.0,10.0,NetBanking,Cancelled,2025-02-21,998.0,898.2,179.64000000000001,February,2025.0,<bound method DatetimeArray.day_name of <pandas.core.indexes.accessors.DatetimeProperties object at 0x0000016E5152D450>>
ORD1319,2025-06-10,Rahul,rahul7@gmail.com,9894093725.0,Mumbai,Maharashtra,Mouse,Electronics,5.0,,0.0,COD,Cancelled,2025-12-06,,,,June,2025.0,<bound method DatetimeArray.day_name of <pandas.core.indexes.accessors.DatetimeProperties object at 0x0000016E5152D450>>
ORD1320,,Rahul,rahul4@gmail.com,9574814751.0,Pune,Maharashtra,Laptop,Electronics,1.0,4999.0,10.0,NetBanking,Cancelled,,4999.0,4499.1,899.8200000000002,,,<bound method DatetimeArray.day_name of <pandas.core.indexes.accessors.DatetimeProperties object at 0x0000016E5152D450>>
ORD1321,2025-06-18,Vikas,vikas53@gmail.com,9910821614.0,Mumbai,Maharashtra,Bottle,Home,3.0,999.0,20.0,NetBanking,Returned,2025-06-18,2997.0,2397.6,479.52,June,2025.0,<bound method DatetimeArray.day_name of <pandas.core.indexes.accessors.DatetimeProperties object at 0x0000016E5152D450>>
ORD1322,2025-04-16,Vikas,vikas30@gmail.com,9997851784.0,Pune,Maharashtra,Mouse,Electronics,5.0,4999.0,5.0,Card,Returned,2025-04-16,24995.0,23745.25,4749.05,April,2025.0,<bound method DatetimeArray.day_name of <pandas.core.indexes.accessors.DatetimeProperties object at 0x0000016E5152D450>>
ORD1323,2025-01-04,Priya,priya11@gmail.com,9838548948.0,Jaipur,Rajasthan,Shoes,Fashion,2.0,9999.0,5.0,COD,Pending,2025-11-01,19998.0,18998.1,3799.62,January,2025.0,<bound method DatetimeArray.day_name of <pandas.core.indexes.accessors.DatetimeProperties object at 0x0000016E5152D450>>
ORD1324,,Rohit,rohit58@gmail.com,9113037103.0,Pune,Maharashtra,Laptop,Electronics,5.0,4999.0,10.0,NetBanking,Pending,2025-05-06,24995.0,22495.5,4499.1,,,<bound method DatetimeArray.day_name of <pandas.core.indexes.accessors.DatetimeProperties object at 0x0000016E5152D450>>
ORD1325,2025-05-29,Amit,amit47@gmail.com,9397896952.0,Pune,Maharashtra,Mouse,Electronics,2.0,2599.0,0.0,Card,Pending,2025-05-29,5198.0,5198.0,1039.6000000000001,May,2025.0,<bound method DatetimeArray.day_name of <pandas.core.indexes.accessors.DatetimeProperties object at 0x0000016E5152D450>>
ORD1327,2025-06-23,Amit,amit42@gmail.com,9292419662.0,Delhi,Delhi,Laptop,Electronics,2.0,1999.0,10.0,Wallet,Pending,2025-01-07,3998.0,3598.2,719.64,June,2025.0,<bound method DatetimeArray.day_name of <pandas.core.indexes.accessors.DatetimeProperties object at 0x0000016E5152D450>>
ORD1328,2025-05-15,Amit,amit64@gmail.com,9310217232.0,Mumbai,Maharashtra,Chair,Furniture,3.0,1999.0,0.0,NetBanking,Returned,2025-05-15,5997.0,5997.0,1199.4,May,2025.0,<bound method DatetimeArray.day_name of <pandas.core.indexes.accessors.DatetimeProperties object at 0x0000016E5152D450>>
ORD1329,2025-05-09,Rahul,rahul90@gmail.com,9706293416.0,Delhi,Delhi,Bottle,Home,5.0,4999.0,20.0,NetBanking,Returned,2025-05-09,24995.0,19996.0,3999.2000000000003,May,2025.0,<bound method DatetimeArray.day_name of <pandas.core.indexes.accessors.DatetimeProperties object at 0x0000016E5152D450>>
ORD1330,2025-06-06,Vikas,vikas41@gmail.com,Unknown,Lucknow,Up,Mouse,Electronics,3.0,9999.0,0.0,UPI,Pending,2025-10-06,29997.0,29997.0,5999.400000000001,June,2025.0,<bound method DatetimeArray.day_name of <pandas.core.indexes.accessors.DatetimeProperties object at 0x0000016E5152D450>>
ORD1331,2025-06-23,Sneha,sneha20@gmail.com,9561744309.0,Pune,Maharashtra,Mouse,Electronics,5.0,4999.0,0.0,COD,Delivered,2025-06-23,24995.0,24995.0,4999.0,June,2025.0,<bound method DatetimeArray.day_name of <pandas.core.indexes.accessors.DatetimeProperties object at 0x0000016E5152D450>>
ORD1332,2025-02-20,Rohit,rohit35@gmail.com,9532206110.0,Bengaluru,Karnataka,Shoes,Fashion,3.0,,10.0,NetBanking,Cancelled,2025-02-20,,,,February,2025.0,<bound method DatetimeArray.day_name of <pandas.core.indexes.accessors.DatetimeProperties object at 0x0000016E5152D450>>
ORD1333,,Sneha,sneha67@gmail.com,9324547716.0,Bengaluru,Karnataka,Laptop,Electronics,4.0,4999.0,15.0,Wallet,Delivered,2025-11-05,19996.0,16996.6,3399.3199999999997,,,<bound method DatetimeArray.day_name of <pandas.core.indexes.accessors.DatetimeProperties object at 0x0000016E5152D450>>
ORD1334,2025-02-27,Rahul,rahul98@gmail.com,9151907626.0,Pune,Maharashtra,Bottle,Home,3.0,1999.0,0.0,Card,Returned,2025-08-03,5997.0,5997.0,1199.4,February,2025.0,<bound method DatetimeArray.day_name of <pandas.core.indexes.accessors.DatetimeProperties object at 0x0000016E5152D450>>
ORD1335,2025-04-08,Rohit,rohit34@gmail.com,9113457890.0,Lucknow,Up,Chair,Furniture,3.0,2599.0,0.0,Card,Pending,2025-04-08,7797.0,7797.0,1559.4,April,2025.0,<bound method DatetimeArray.day_name of <pandas.core.indexes.accessors.DatetimeProperties object at 0x0000016E5152D450>>
ORD1337,2025-02-04,Rahul,rahul58@gmail.com,9753076727.0,Jaipur,Rajasthan,Laptop,Electronics,4.0,999.0,0.0,NetBanking,Cancelled,2025-02-04,3996.0,3996.0,799.2,February,2025.0,<bound method DatetimeArray.day_name of <pandas.core.indexes.accessors.DatetimeProperties object at 0x0000016E5152D450>>
ORD1338,2025-06-13,Neha,neha99@gmail.com,9429636320.0,Lucknow,Up,Laptop,Electronics,5.0,4999.0,0.0,Wallet,Pending,2025-06-13,24995.0,24995.0,4999.0,June,2025.0,<bound method DatetimeArray.day_name of <pandas.core.indexes.accessors.DatetimeProperties object at 0x0000016E5152D450>>
ORD1339,2025-02-23,Rahul,rahul24@gmail.com,9301753805.0,Lucknow,Up,Watch,Fashion,3.0,499.0,0.0,COD,Delivered,2025-02-23,1497.0,1497.0,299.40000000000003,February,2025.0,<bound method DatetimeArray.day_name of <pandas.core.indexes.accessors.DatetimeProperties object at 0x0000016E5152D450>>
ORD1340,2025-03-27,Rohit,rohit84@gmail.com,9258772494.0,Mumbai,Maharashtra,Shoes,Fashion,4.0,1499.0,0.0,Card,Delivered,2025-06-04,5996.0,5996.0,1199.2,March,2025.0,<bound method DatetimeArray.day_name of <pandas.core.indexes.accessors.DatetimeProperties object at 0x0000016E5152D450>>
ORD1342,,Rahul,rahul19@gmail.com,9869257406.0,Pune,Maharashtra,Chair,Furniture,5.0,,10.0,Wallet,Delivered,,,,,,,<bound method DatetimeArray.day_name of <pandas.core.indexes.accessors.DatetimeProperties object at 0x0000016E5152D450>>
ORD1343,2025-02-23,Rahul,rahul12@gmail.com,9783047502.0,Jaipur,Rajasthan,Laptop,Electronics,4.0,2599.0,0.0,NetBanking,Returned,2025-02-23,10396.0,10396.0,2079.2000000000003,February,2025.0,<bound method DatetimeArray.day_name of <pandas.core.indexes.accessors.DatetimeProperties object at 0x0000016E5152D450>>
ORD1345,2025-06-05,Sneha,sneha27@gmail.com,9536056189.0,Delhi,Delhi,Mouse,Electronics,1.0,499.0,20.0,NetBanking,Returned,2025-06-05,499.0,399.2,79.84,June,2025.0,<bound method DatetimeArray.day_name of <pandas.core.indexes.accessors.DatetimeProperties object at 0x0000016E5152D450>>
ORD1346,2025-05-07,Vikas,vikas51@gmail.com,9654467591.0,Lucknow,Up,Chair,Furniture,2.0,9999.0,0.0,UPI,Pending,2025-05-07,19998.0,19998.0,3999.6000000000004,May,2025.0,<bound method DatetimeArray.day_name of <pandas.core.indexes.accessors.DatetimeProperties object at 0x0000016E5152D450>>
ORD1347,2025-03-29,Sneha,sneha3@gmail.com,9348019295.0,Mumbai,Maharashtra,Shoes,Fashion,1.0,499.0,0.0,UPI,Pending,2025-03-29,499.0,499.0,99.80000000000001,March,2025.0,<bound method DatetimeArray.day_name of <pandas.core.indexes.accessors.DatetimeProperties object at 0x0000016E5152D450>>
ORD1348,2025-05-07,Rahul,rahul68@gmail.com,9857040338.0,Mumbai,Maharashtra,Mouse,Electronics,2.0,499.0,5.0,COD,Delivered,2025-09-05,998.0,948.1,189.62,May,2025.0,<bound method DatetimeArray.day_name of <pandas.core.indexes.accessors.DatetimeProperties object at 0x0000016E5152D450>>
ORD1349,2025-03-21,Amit,amit68@gmail.com,9794705508.0,Pune,Maharashtra,Bottle,Home,5.0,999.0,20.0,UPI,Delivered,2025-03-21,4995.0,3996.0,799.2,March,2025.0,<bound method DatetimeArray.day_name of <pandas.core.indexes.accessors.DatetimeProperties object at 0x0000016E5152D450>>
ORD1350,2025-04-10,Rohit,rohit72@gmail.com,9665886128.0,Bengaluru,Karnataka,Laptop,Electronics,5.0,9999.0,5.0,Card,Returned,2025-04-10,49995.0,47495.25,9499.050000000001,April,2025.0,<bound method DatetimeArray.day_name of <pandas.core.indexes.accessors.DatetimeProperties object at 0x0000016E5152D450>>
ORD1351,,Priya,priya80@gmail.com,9924669279.0,Jaipur,Rajasthan,Shoes,Fashion,5.0,1999.0,5.0,Wallet,Returned,,9995.0,9495.25,1899.0500000000002,,,<bound method DatetimeArray.day_name of <pandas.core.indexes.accessors.DatetimeProperties object at 0x0000016E5152D450>>
ORD1352,2025-04-23,Vikas,vikas87@gmail.com,Unknown,Delhi,Delhi,Chair,Furniture,3.0,4999.0,0.0,UPI,Delivered,2025-04-23,14997.0,14997.0,2999.4,April,2025.0,<bound method DatetimeArray.day_name of <pandas.core.indexes.accessors.DatetimeProperties object at 0x0000016E5152D450>>
ORD1354,2025-04-03,Rahul,rahul12@gmail.com,9783505215.0,Mumbai,Maharashtra,Mouse,Electronics,1.0,499.0,0.0,Wallet,Returned,2025-07-04,499.0,499.0,99.80000000000001,April,2025.0,<bound method DatetimeArray.day_name of <pandas.core.indexes.accessors.DatetimeProperties object at 0x0000016E5152D450>>
ORD1355,2025-03-10,Sneha,sneha18@gmail.com,9117422351.0,Mumbai,Maharashtra,Watch,Fashion,4.0,999.0,15.0,Wallet,Pending,2025-03-10,3996.0,3396.6,679.32,March,2025.0,<bound method DatetimeArray.day_name of <pandas.core.indexes.accessors.DatetimeProperties object at 0x0000016E5152D450>>
ORD1356,2025-06-03,Vikas,vikas64@gmail.com,9191378164.0,Bengaluru,Karnataka,Laptop,Electronics,4.0,2599.0,0.0,NetBanking,Returned,2025-06-03,10396.0,10396.0,2079.2000000000003,June,2025.0,<bound method DatetimeArray.day_name of <pandas.core.indexes.accessors.DatetimeProperties object at 0x0000016E5152D450>>
ORD1357,2025-04-06,Neha,neha91@gmail.com,9732569957.0,Bengaluru,Karnataka,Mouse,Electronics,5.0,2599.0,10.0,COD,Delivered,2025-04-06,12995.0,11695.5,2339.1,April,2025.0,<bound method DatetimeArray.day_name of <pandas.core.indexes.accessors.DatetimeProperties object at 0x0000016E5152D450>>
ORD1358,2025-01-15,Vikas,vikas80@gmail.com,9139900666.0,Pune,Maharashtra,Bottle,Home,4.0,9999.0,0.0,UPI,Delivered,2025-01-15,39996.0,39996.0,7999.200000000001,January,2025.0,<bound method DatetimeArray.day_name of <pandas.core.indexes.accessors.DatetimeProperties object at 0x0000016E5152D450>>
ORD1359,2025-06-03,Priya,priya71@gmail.com,9848437643.0,Bengaluru,Karnataka,Shoes,Fashion,5.0,1499.0,20.0,Wallet,Cancelled,2025-09-06,7495.0,5996.0,1199.2,June,2025.0,<bound method DatetimeArray.day_name of <pandas.core.indexes.accessors.DatetimeProperties object at 0x0000016E5152D450>>
ORD1360,,Vikas,vikas94@gmail.com,9394841989.0,Lucknow,Up,Bottle,Home,1.0,1999.0,0.0,COD,Pending,,1999.0,1999.0,399.8,,,<bound method DatetimeArray.day_name of <pandas.core.indexes.accessors.DatetimeProperties object at 0x0000016E5152D450>>
ORD1361,2025-01-30,Amit,amit73@gmail.com,9645486322.0,Lucknow,Up,Mouse,Electronics,3.0,1999.0,0.0,NetBanking,Pending,2025-09-02,5997.0,5997.0,1199.4,January,2025.0,<bound method DatetimeArray.day_name of <pandas.core.indexes.accessors.DatetimeProperties object at 0x0000016E5152D450>>
ORD1362,2025-05-13,Priya,priya84@gmail.com,9419451949.0,Pune,Maharashtra,Bottle,Home,3.0,9999.0,20.0,UPI,Delivered,2025-05-13,29997.0,23997.6,4799.5199999999995,May,2025.0,<bound method DatetimeArray.day_name of <pandas.core.indexes.accessors.DatetimeProperties object at 0x0000016E5152D450>>
ORD1364,2025-05-12,Rahul,rahul80@gmail.com,9356805063.0,Bengaluru,Karnataka,Mouse,Electronics,5.0,499.0,15.0,COD,Cancelled,2025-05-12,2495.0,2120.75,424.15000000000003,May,2025.0,<bound method DatetimeArray.day_name of <pandas.core.indexes.accessors.DatetimeProperties object at 0x0000016E5152D450>>
,2025-06-23,Sneha,sneha38@gmail.com,9546087489.0,Pune,Maharashtra,Shoes,Fashion,5.0,9999.0,0.0,Wallet,Returned,2025-06-23,49995.0,49995.0,9999.0,June,2025.0,<bound method DatetimeArray.day_name of <pandas.core.indexes.accessors.DatetimeProperties object at 0x0000016E5152D450>>
ORD1369,,Sneha,sneha15@gmail.com,9836165631.0,Pune,Maharashtra,Shoes,Fashion,5.0,1499.0,0.0,Card,Returned,,7495.0,7495.0,1499.0,,,<bound method DatetimeArray.day_name of <pandas.core.indexes.accessors.DatetimeProperties object at 0x0000016E5152D450>>
ORD1370,2025-05-17,Rahul,rahul24@gmail.com,9244713912.0,Bengaluru,Karnataka,Bottle,Home,5.0,4999.0,15.0,Wallet,Pending,2025-05-17,24995.0,21245.75,4249.150000000001,May,2025.0,<bound method DatetimeArray.day_name of <pandas.core.indexes.accessors.DatetimeProperties object at 0x0000016E5152D450>>
ORD1371,2025-01-04,Sneha,sneha55@gmail.com,9125679072.0,Jaipur,Rajasthan,Chair,Furniture,2.0,1999.0,0.0,Wallet,Delivered,2025-01-04,3998.0,3998.0,799.6,January,2025.0,<bound method DatetimeArray.day_name of <pandas.core.indexes.accessors.DatetimeProperties object at 0x0000016E5152D450>>
ORD1373,2025-05-12,Neha,neha77@gmail.com,9898877941.0,Pune,Maharashtra,Bottle,Home,4.0,4999.0,0.0,Wallet,Returned,2025-05-12,19996.0,19996.0,3999.2000000000003,May,2025.0,<bound method DatetimeArray.day_name of <pandas.core.indexes.accessors.DatetimeProperties object at 0x0000016E5152D450>>
ORD1375,2025-04-04,Rahul,rahul19@gmail.com,9691259107.0,Mumbai,Maharashtra,Bottle,Home,1.0,2599.0,0.0,UPI,Delivered,2025-04-04,2599.0,2599.0,519.8000000000001,April,2025.0,<bound method DatetimeArray.day_name of <pandas.core.indexes.accessors.DatetimeProperties object at 0x0000016E5152D450>>
ORD1376,2025-06-01,Sneha,sneha34@gmail.com,9409847018.0,Lucknow,Up,Mouse,Electronics,4.0,999.0,0.0,COD,Delivered,2025-11-06,3996.0,3996.0,799.2,June,2025.0,<bound method DatetimeArray.day_name of <pandas.core.indexes.accessors.DatetimeProperties object at 0x0000016E5152D450>>
ORD1378,,Vikas,vikas70@gmail.com,9986148293.0,Mumbai,Maharashtra,Shoes,Fashion,4.0,1499.0,15.0,COD,Cancelled,,5996.0,5096.6,1019.3200000000002,,,<bound method DatetimeArray.day_name of <pandas.core.indexes.accessors.DatetimeProperties object at 0x0000016E5152D450>>
ORD1379,2025-01-19,Amit,amit6@gmail.com,9793867955.0,Bengaluru,Karnataka,Watch,Fashion,5.0,,5.0,NetBanking,Pending,2025-01-19,,,,January,2025.0,<bound method DatetimeArray.day_name of <pandas.core.indexes.accessors.DatetimeProperties object at 0x0000016E5152D450>>
ORD1380,2025-02-23,Rahul,rahul45@gmail.com,9536788264.0,Mumbai,Maharashtra,Laptop,Electronics,4.0,9999.0,0.0,NetBanking,Returned,2025-03-03,39996.0,39996.0,7999.200000000001,February,2025.0,<bound method DatetimeArray.day_name of <pandas.core.indexes.accessors.DatetimeProperties object at 0x0000016E5152D450>>
ORD1381,2025-02-06,Neha,neha93@gmail.com,9427460011.0,Bengaluru,Karnataka,Shoes,Fashion,5.0,2599.0,20.0,Card,Pending,2025-10-02,12995.0,10396.0,2079.2000000000003,February,2025.0,<bound method DatetimeArray.day_name of <pandas.core.indexes.accessors.DatetimeProperties object at 0x0000016E5152D450>>
ORD1382,2025-01-25,Rahul,rahul41@gmail.com,9829324614.0,Mumbai,Maharashtra,Chair,Furniture,1.0,1499.0,20.0,Wallet,Pending,2025-04-02,1499.0,1199.2,239.84000000000003,January,2025.0,<bound method DatetimeArray.day_name of <pandas.core.indexes.accessors.DatetimeProperties object at 0x0000016E5152D450>>
ORD1383,2025-01-31,Sneha,sneha4@gmail.com,9544514226.0,Pune,Maharashtra,Shoes,Fashion,2.0,,20.0,NetBanking,Cancelled,2025-06-02,,,,January,2025.0,<bound method DatetimeArray.day_name of <pandas.core.indexes.accessors.DatetimeProperties object at 0x0000016E5152D450>>
ORD1385,2025-01-25,Sneha,sneha67@gmail.com,9237413851.0,Pune,Maharashtra,Watch,Fashion,3.0,2599.0,10.0,UPI,Returned,2025-01-25,7797.0,7017.3,1403.46,January,2025.0,<bound method DatetimeArray.day_name of <pandas.core.indexes.accessors.DatetimeProperties object at 0x0000016E5152D450>>
ORD1387,,Sneha,sneha95@gmail.com,9193279554.0,Mumbai,Maharashtra,Watch,Fashion,4.0,9999.0,15.0,UPI,Delivered,,39996.0,33996.6,6799.32,,,<bound method DatetimeArray.day_name of <pandas.core.indexes.accessors.DatetimeProperties object at 0x0000016E5152D450>>
ORD1390,2025-03-02,Sneha,sneha78@gmail.com,9322453651.0,Delhi,Delhi,Laptop,Electronics,3.0,,15.0,NetBanking,Delivered,2025-11-03,,,,March,2025.0,<bound method DatetimeArray.day_name of <pandas.core.indexes.accessors.DatetimeProperties object at 0x0000016E5152D450>>
ORD1391,2025-05-20,Neha,neha45@gmail.com,9753301285.0,Bengaluru,Karnataka,Bottle,Home,5.0,999.0,20.0,Card,Returned,2025-05-20,4995.0,3996.0,799.2,May,2025.0,<bound method DatetimeArray.day_name of <pandas.core.indexes.accessors.DatetimeProperties object at 0x0000016E5152D450>>
ORD1392,2025-06-20,Vikas,vikas1@gmail.com,9619221858.0,Bengaluru,Karnataka,Chair,Furniture,1.0,9999.0,0.0,COD,Cancelled,2025-06-20,9999.0,9999.0,1999.8000000000002,June,2025.0,<bound method DatetimeArray.day_name of <pandas.core.indexes.accessors.DatetimeProperties object at 0x0000016E5152D450>>
ORD1395,2025-06-29,Neha,neha45@gmail.com,9291811387.0,Lucknow,Up,Chair,Furniture,1.0,499.0,5.0,COD,Pending,2025-07-07,499.0,474.05,94.81,June,2025.0,<bound method DatetimeArray.day_name of <pandas.core.indexes.accessors.DatetimeProperties object at 0x0000016E5152D450>>
ORD1397,2025-04-14,Neha,neha78@gmail.com,9357537586.0,Delhi,Delhi,Mouse,Electronics,2.0,,20.0,Wallet,Cancelled,2025-04-14,,,,April,2025.0,<bound method DatetimeArray.day_name of <pandas.core.indexes.accessors.DatetimeProperties object at 0x0000016E5152D450>>
ORD1398,2025-03-02,Neha,neha25@gmail.com,9218737753.0,Bengaluru,Karnataka,Laptop,Electronics,3.0,1999.0,0.0,NetBanking,Cancelled,2025-08-03,5997.0,5997.0,1199.4,March,2025.0,<bound method DatetimeArray.day_name of <pandas.core.indexes.accessors.DatetimeProperties object at 0x0000016E5152D450>>
ORD1399,2025-01-06,Neha,neha99@gmail.com,9936830524.0,Pune,Maharashtra,Chair,Furniture,3.0,1499.0,10.0,UPI,Returned,2025-01-06,4497.0,4047.3,809.46,January,2025.0,<bound method DatetimeArray.day_name of <pandas.core.indexes.accessors.DatetimeProperties object at 0x0000016E5152D450>>
ORD1400,,Rahul,rahul47@gmail.com,9349245979.0,Lucknow,Up,Bottle,Home,4.0,1999.0,20.0,Card,Returned,,7996.0,6396.8,1279.3600000000001,,,<bound method DatetimeArray.day_name of <pandas.core.indexes.accessors.DatetimeProperties object at 0x0000016E5152D450>>
ORD1401,2025-06-17,Rohit,rohit47@gmail.com,9281394007.0,Delhi,Delhi,Laptop,Electronics,4.0,1999.0,15.0,COD,Returned,2025-06-17,7996.0,6796.6,1359.3200000000002,June,2025.0,<bound method DatetimeArray.day_name of <pandas.core.indexes.accessors.DatetimeProperties object at 0x0000016E5152D450>>
ORD1402,2025-06-15,Rohit,rohit82@gmail.com,9529644273.0,Jaipur,Rajasthan,Laptop,Electronics,1.0,1499.0,0.0,COD,Returned,2025-06-15,1499.0,1499.0,299.8,June,2025.0,<bound method DatetimeArray.day_name of <pandas.core.indexes.accessors.DatetimeProperties object at 0x0000016E5152D450>>
ORD1404,2025-04-11,Sneha,sneha22@gmail.com,9434292317.0,Mumbai,Maharashtra,Laptop,Electronics,4.0,1499.0,5.0,Wallet,Cancelled,2025-04-11,5996.0,5696.2,1139.24,April,2025.0,<bound method DatetimeArray.day_name of <pandas.core.indexes.accessors.DatetimeProperties object at 0x0000016E5152D450>>
ORD1405,,Amit,amit80@gmail.com,9897156362.0,Mumbai,Maharashtra,Watch,Fashion,1.0,1499.0,0.0,Wallet,Returned,,1499.0,1499.0,299.8,,,<bound method DatetimeArray.day_name of <pandas.core.indexes.accessors.DatetimeProperties object at 0x0000016E5152D450>>
ORD1406,2025-01-24,Neha,neha53@gmail.com,9256072372.0,Bengaluru,Karnataka,Watch,Fashion,5.0,4999.0,10.0,UPI,Delivered,2025-01-24,24995.0,22495.5,4499.1,January,2025.0,<bound method DatetimeArray.day_name of <pandas.core.indexes.accessors.DatetimeProperties object at 0x0000016E5152D450>>
ORD1407,2025-01-17,Rahul,rahul1@gmail.com,9762627881.0,Bengaluru,Karnataka,Chair,Furniture,5.0,1999.0,20.0,Card,Cancelled,2025-01-17,9995.0,7996.0,1599.2,January,2025.0,<bound method DatetimeArray.day_name of <pandas.core.indexes.accessors.DatetimeProperties object at 0x0000016E5152D450>>
ORD1408,2025-02-13,Neha,neha66@gmail.com,9629553838.0,Jaipur,Rajasthan,Mouse,Electronics,5.0,2599.0,20.0,Wallet,Returned,2025-02-13,12995.0,10396.0,2079.2000000000003,February,2025.0,<bound method DatetimeArray.day_name of <pandas.core.indexes.accessors.DatetimeProperties object at 0x0000016E5152D450>>
ORD1409,2025-02-06,Priya,priya1@gmail.com,9526867921.0,Delhi,Delhi,Watch,Fashion,4.0,9999.0,5.0,Wallet,Returned,2025-08-02,39996.0,37996.2,7599.24,February,2025.0,<bound method DatetimeArray.day_name of <pandas.core.indexes.accessors.DatetimeProperties object at 0x0000016E5152D450>>
ORD1411,2025-01-13,Sneha,sneha95@gmail.com,9918096448.0,Mumbai,Maharashtra,Laptop,Electronics,1.0,1999.0,15.0,COD,Pending,2025-01-13,1999.0,1699.15,339.83000000000004,January,2025.0,<bound method DatetimeArray.day_name of <pandas.core.indexes.accessors.DatetimeProperties object at 0x0000016E5152D450>>
ORD1412,2025-04-24,Vikas,vikas28@gmail.com,9954928448.0,Mumbai,Maharashtra,Watch,Fashion,5.0,1999.0,5.0,COD,Pending,2025-03-05,9995.0,9495.25,1899.0500000000002,April,2025.0,<bound method DatetimeArray.day_name of <pandas.core.indexes.accessors.DatetimeProperties object at 0x0000016E5152D450>>
ORD1413,2025-01-24,Sneha,sneha36@gmail.com,9979933333.0,Pune,Maharashtra,Laptop,Electronics,5.0,,0.0,COD,Cancelled,2025-01-24,,,,January,2025.0,<bound method DatetimeArray.day_name of <pandas.core.indexes.accessors.DatetimeProperties object at 0x0000016E5152D450>>
ORD1414,,Rohit,rohit22@gmail.com,9342595670.0,Lucknow,Up,Shoes,Fashion,3.0,,0.0,Wallet,Pending,2025-11-05,,,,,,<bound method DatetimeArray.day_name of <pandas.core.indexes.accessors.DatetimeProperties object at 0x0000016E5152D450>>
ORD1416,2025-03-14,Rahul,rahul73@gmail.com,9442177066.0,Jaipur,Rajasthan,Watch,Fashion,4.0,,20.0,COD,Delivered,2025-03-14,,,,March,2025.0,<bound method DatetimeArray.day_name of <pandas.core.indexes.accessors.DatetimeProperties object at 0x0000016E5152D450>>
ORD1417,2025-01-04,Rohit,rohit91@gmail.com,9485740696.0,Delhi,Delhi,Mouse,Electronics,4.0,4999.0,0.0,UPI,Pending,2025-01-04,19996.0,19996.0,3999.2000000000003,January,2025.0,<bound method DatetimeArray.day_name of <pandas.core.indexes.accessors.DatetimeProperties object at 0x0000016E5152D450>>
ORD1418,2025-04-05,Sneha,sneha54@gmail.com,Unknown,Jaipur,Rajasthan,Chair,Furniture,4.0,4999.0,0.0,NetBanking,Returned,2025-04-05,19996.0,19996.0,3999.2000000000003,April,2025.0,<bound method DatetimeArray.day_name of <pandas.core.indexes.accessors.DatetimeProperties object at 0x0000016E5152D450>>
ORD1419,2025-06-23,Rohit,rohit64@gmail.com,9562675135.0,Jaipur,Rajasthan,Chair,Furniture,3.0,1499.0,0.0,Wallet,Delivered,2025-01-07,4497.0,4497.0,899.4000000000001,June,2025.0,<bound method DatetimeArray.day_name of <pandas.core.indexes.accessors.DatetimeProperties object at 0x0000016E5152D450>>
ORD1420,2025-04-14,Priya,priya90@gmail.com,9279538962.0,Bengaluru,Karnataka,Watch,Fashion,4.0,,15.0,NetBanking,Pending,2025-04-14,,,,April,2025.0,<bound method DatetimeArray.day_name of <pandas.core.indexes.accessors.DatetimeProperties object at 0x0000016E5152D450>>
ORD1421,2025-03-14,Vikas,vikas31@gmail.com,9183431745.0,Mumbai,Maharashtra,Watch,Fashion,4.0,999.0,10.0,NetBanking,Pending,2025-03-14,3996.0,3596.4,719.2800000000001,March,2025.0,<bound method DatetimeArray.day_name of <pandas.core.indexes.accessors.DatetimeProperties object at 0x0000016E5152D450>>
ORD1422,2025-05-09,Amit,amit95@gmail.com,9157480200.0,Delhi,Delhi,Watch,Fashion,5.0,4999.0,5.0,NetBanking,Cancelled,2025-05-09,24995.0,23745.25,4749.05,May,2025.0,<bound method DatetimeArray.day_name of <pandas.core.indexes.accessors.DatetimeProperties object at 0x0000016E5152D450>>
ORD1424,2025-03-29,Priya,priya48@gmail.com,9166100655.0,Bengaluru,Karnataka,Laptop,Electronics,2.0,9999.0,20.0,NetBanking,Cancelled,2025-04-04,19998.0,15998.4,3199.6800000000003,March,2025.0,<bound method DatetimeArray.day_name of <pandas.core.indexes.accessors.DatetimeProperties object at 0x0000016E5152D450>>
ORD1426,2025-06-19,Priya,priya86@gmail.com,9338976081.0,Pune,Maharashtra,Laptop,Electronics,5.0,1499.0,10.0,COD,Delivered,2025-06-19,7495.0,6745.5,1349.1000000000001,June,2025.0,<bound method DatetimeArray.day_name of <pandas.core.indexes.accessors.DatetimeProperties object at 0x0000016E5152D450>>
ORD1427,2025-02-14,Sneha,sneha25@gmail.com,9764093062.0,Jaipur,Rajasthan,Watch,Fashion,5.0,9999.0,0.0,NetBanking,Pending,2025-02-14,49995.0,49995.0,9999.0,February,2025.0,<bound method DatetimeArray.day_name of <pandas.core.indexes.accessors.DatetimeProperties object at 0x0000016E5152D450>>
ORD1428,2025-04-02,Priya,priya27@gmail.com,9575383484.0,Jaipur,Rajasthan,Bottle,Home,5.0,499.0,5.0,Card,Cancelled,2025-08-04,2495.0,2370.25,474.05,April,2025.0,<bound method DatetimeArray.day_name of <pandas.core.indexes.accessors.DatetimeProperties object at 0x0000016E5152D450>>
ORD1430,2025-02-13,Sneha,sneha17@gmail.com,9770563699.0,Lucknow,Up,Watch,Fashion,5.0,1499.0,20.0,Wallet,Cancelled,2025-02-13,7495.0,5996.0,1199.2,February,2025.0,<bound method DatetimeArray.day_name of <pandas.core.indexes.accessors.DatetimeProperties object at 0x0000016E5152D450>>
ORD1431,2025-02-05,Priya,priya43@gmail.com,9340031993.0,Bengaluru,Karnataka,Shoes,Fashion,2.0,999.0,5.0,COD,Cancelled,2025-02-05,1998.0,1898.1,379.62,February,2025.0,<bound method DatetimeArray.day_name of <pandas.core.indexes.accessors.DatetimeProperties object at 0x0000016E5152D450>>
ORD1433,2025-04-16,Sneha,sneha19@gmail.com,9818263600.0,Jaipur,Rajasthan,Shoes,Fashion,5.0,499.0,15.0,UPI,Cancelled,2025-04-16,2495.0,2120.75,424.15000000000003,April,2025.0,<bound method DatetimeArray.day_name of <pandas.core.indexes.accessors.DatetimeProperties object at 0x0000016E5152D450>>
ORD1435,2025-03-05,Rohit,rohit67@gmail.com,9653409026.0,Lucknow,Up,Laptop,Electronics,5.0,4999.0,20.0,NetBanking,Cancelled,2025-08-03,24995.0,19996.0,3999.2000000000003,March,2025.0,<bound method DatetimeArray.day_name of <pandas.core.indexes.accessors.DatetimeProperties object at 0x0000016E5152D450>>
ORD1436,2025-06-22,Amit,amit73@gmail.com,9568733492.0,Lucknow,Up,Watch,Fashion,5.0,999.0,15.0,UPI,Cancelled,2025-01-07,4995.0,4245.75,849.1500000000001,June,2025.0,<bound method DatetimeArray.day_name of <pandas.core.indexes.accessors.DatetimeProperties object at 0x0000016E5152D450>>
ORD1437,2025-06-01,Vikas,vikas1@gmail.com,9541696034.0,Bengaluru,Karnataka,Bottle,Home,4.0,2599.0,0.0,NetBanking,Cancelled,2025-09-06,10396.0,10396.0,2079.2000000000003,June,2025.0,<bound method DatetimeArray.day_name of <pandas.core.indexes.accessors.DatetimeProperties object at 0x0000016E5152D450>>
,2025-01-14,Priya,priya40@gmail.com,9861729728.0,Delhi,Delhi,Bottle,Home,2.0,499.0,0.0,COD,Cancelled,2025-01-14,998.0,998.0,199.60000000000002,January,2025.0,<bound method DatetimeArray.day_name of <pandas.core.indexes.accessors.DatetimeProperties object at 0x0000016E5152D450>>
ORD1439,2025-05-22,Rahul,rahul34@gmail.com,9519365466.0,Lucknow,Up,Mouse,Electronics,5.0,1499.0,0.0,NetBanking,Delivered,2025-05-22,7495.0,7495.0,1499.0,May,2025.0,<bound method DatetimeArray.day_name of <pandas.core.indexes.accessors.DatetimeProperties object at 0x0000016E5152D450>>
ORD1440,,Rohit,rohit72@gmail.com,Unknown,Pune,Maharashtra,Watch,Fashion,2.0,4999.0,15.0,NetBanking,Pending,2025-12-02,9998.0,8498.3,1699.6599999999999,,,<bound method DatetimeArray.day_name of <pandas.core.indexes.accessors.DatetimeProperties object at 0x0000016E5152D450>>
ORD1442,2025-01-15,Sneha,sneha75@gmail.com,9866056523.0,Mumbai,Maharashtra,Watch,Fashion,4.0,999.0,15.0,UPI,Cancelled,2025-01-15,3996.0,3396.6,679.32,January,2025.0,<bound method DatetimeArray.day_name of <pandas.core.indexes.accessors.DatetimeProperties object at 0x0000016E5152D450>>
ORD1443,2025-02-14,Sneha,sneha36@gmail.com,9605647471.0,Lucknow,Up,Watch,Fashion,1.0,1499.0,0.0,Card,Pending,2025-02-14,1499.0,1499.0,299.8,February,2025.0,<bound method DatetimeArray.day_name of <pandas.core.indexes.accessors.DatetimeProperties object at 0x0000016E5152D450>>
ORD1444,2025-04-02,Priya,priya86@gmail.com,9417981729.0,Delhi,Delhi,Bottle,Home,4.0,9999.0,20.0,NetBanking,Pending,2025-08-04,39996.0,31996.8,6399.360000000001,April,2025.0,<bound method DatetimeArray.day_name of <pandas.core.indexes.accessors.DatetimeProperties object at 0x0000016E5152D450>>
ORD1445,2025-05-04,Vikas,vikas38@gmail.com,9704800143.0,Pune,Maharashtra,Mouse,Electronics,3.0,499.0,5.0,COD,Delivered,2025-12-05,1497.0,1422.15,284.43,May,2025.0,<bound method DatetimeArray.day_name of <pandas.core.indexes.accessors.DatetimeProperties object at 0x0000016E5152D450>>
ORD1446,2025-01-07,Rahul,rahul36@gmail.com,9844906787.0,Mumbai,Maharashtra,Shoes,Fashion,3.0,1499.0,15.0,UPI,Cancelled,2025-01-07,4497.0,3822.45,764.49,January,2025.0,<bound method DatetimeArray.day_name of <pandas.core.indexes.accessors.DatetimeProperties object at 0x0000016E5152D450>>
ORD1448,2025-06-17,Neha,neha6@gmail.com,9891169337.0,Pune,Maharashtra,Mouse,Electronics,1.0,4999.0,0.0,NetBanking,Cancelled,2025-06-17,4999.0,4999.0,999.8000000000001,June,2025.0,<bound method DatetimeArray.day_name of <pandas.core.indexes.accessors.DatetimeProperties object at 0x0000016E5152D450>>
ORD1449,2025-05-19,Priya,priya54@gmail.com,9920350446.0,Bengaluru,Karnataka,Bottle,Home,4.0,1999.0,20.0,UPI,Cancelled,2025-05-19,7996.0,6396.8,1279.3600000000001,May,2025.0,<bound method DatetimeArray.day_name of <pandas.core.indexes.accessors.DatetimeProperties object at 0x0000016E5152D450>>
ORD1452,2025-05-23,Rahul,rahul40@gmail.com,9125077784.0,Delhi,Delhi,Laptop,Electronics,5.0,999.0,10.0,Wallet,Cancelled,2025-02-06,4995.0,4495.5,899.1,May,2025.0,<bound method DatetimeArray.day_name of <pandas.core.indexes.accessors.DatetimeProperties object at 0x0000016E5152D450>>
ORD1454,2025-02-10,Neha,neha53@gmail.com,9124493553.0,Pune,Maharashtra,Watch,Fashion,2.0,1999.0,15.0,COD,Delivered,2025-02-10,3998.0,3398.3,679.6600000000001,February,2025.0,<bound method DatetimeArray.day_name of <pandas.core.indexes.accessors.DatetimeProperties object at 0x0000016E5152D450>>
ORD1455,2025-01-23,Rahul,rahul97@gmail.com,9669206149.0,Delhi,Delhi,Shoes,Fashion,4.0,1499.0,20.0,Card,Pending,2025-01-23,5996.0,4796.8,959.3600000000001,January,2025.0,<bound method DatetimeArray.day_name of <pandas.core.indexes.accessors.DatetimeProperties object at 0x0000016E5152D450>>
ORD1457,2025-01-11,Sneha,sneha97@gmail.com,9523945550.0,Jaipur,Rajasthan,Bottle,Home,5.0,1999.0,0.0,Wallet,Delivered,2025-01-11,9995.0,9995.0,1999.0,January,2025.0,<bound method DatetimeArray.day_name of <pandas.core.indexes.accessors.DatetimeProperties object at 0x0000016E5152D450>>
ORD1458,2025-06-11,Rohit,rohit80@gmail.com,9951760868.0,Mumbai,Maharashtra,Chair,Furniture,1.0,2599.0,20.0,NetBanking,Delivered,2025-06-11,2599.0,2079.2,415.84,June,2025.0,<bound method DatetimeArray.day_name of <pandas.core.indexes.accessors.DatetimeProperties object at 0x0000016E5152D450>>
ORD1459,,Neha,neha13@gmail.com,9866332686.0,Bengaluru,Karnataka,Bottle,Home,3.0,,15.0,UPI,Returned,2025-05-04,,,,,,<bound method DatetimeArray.day_name of <pandas.core.indexes.accessors.DatetimeProperties object at 0x0000016E5152D450>>
ORD1460,2025-02-01,Vikas,vikas8@gmail.com,9178563209.0,Bengaluru,Karnataka,Mouse,Electronics,2.0,4999.0,15.0,UPI,Delivered,2025-06-02,9998.0,8498.3,1699.6599999999999,February,2025.0,<bound method DatetimeArray.day_name of <pandas.core.indexes.accessors.DatetimeProperties object at 0x0000016E5152D450>>
ORD1461,2025-04-01,Rahul,rahul23@gmail.com,9433791076.0,Jaipur,Rajasthan,Shoes,Fashion,2.0,1499.0,20.0,UPI,Returned,2025-08-04,2998.0,2398.4,479.68000000000006,April,2025.0,<bound method DatetimeArray.day_name of <pandas.core.indexes.accessors.DatetimeProperties object at 0x0000016E5152D450>>
ORD1463,2025-06-22,Neha,neha54@gmail.com,9794486194.0,Lucknow,Up,Bottle,Home,4.0,4999.0,20.0,COD,Cancelled,2025-06-22,19996.0,15996.8,3199.36,June,2025.0,<bound method DatetimeArray.day_name of <pandas.core.indexes.accessors.DatetimeProperties object at 0x0000016E5152D450>>
ORD1464,2025-05-21,Sneha,sneha53@gmail.com,9595254143.0,Jaipur,Rajasthan,Laptop,Electronics,5.0,1999.0,0.0,Card,Cancelled,2025-05-21,9995.0,9995.0,1999.0,May,2025.0,<bound method DatetimeArray.day_name of <pandas.core.indexes.accessors.DatetimeProperties object at 0x0000016E5152D450>>
ORD1467,2025-04-18,Rahul,rahul83@gmail.com,9526297908.0,Pune,Maharashtra,Bottle,Home,4.0,,5.0,NetBanking,Pending,2025-04-18,,,,April,2025.0,<bound method DatetimeArray.day_name of <pandas.core.indexes.accessors.DatetimeProperties object at 0x0000016E5152D450>>
ORD1469,2025-04-01,Rahul,rahul47@gmail.com,9815577094.0,Bengaluru,Karnataka,Bottle,Home,2.0,499.0,0.0,UPI,Delivered,2025-11-04,998.0,998.0,199.60000000000002,April,2025.0,<bound method DatetimeArray.day_name of <pandas.core.indexes.accessors.DatetimeProperties object at 0x0000016E5152D450>>
ORD1470,2025-01-03,Priya,priya66@gmail.com,9458583296.0,Jaipur,Rajasthan,Watch,Fashion,2.0,9999.0,5.0,Wallet,Returned,2025-05-01,19998.0,18998.1,3799.62,January,2025.0,<bound method DatetimeArray.day_name of <pandas.core.indexes.accessors.DatetimeProperties object at 0x0000016E5152D450>>
ORD1471,2025-06-15,Sneha,sneha54@gmail.com,9944717091.0,Delhi,Delhi,Laptop,Electronics,4.0,2599.0,20.0,COD,Returned,2025-06-15,10396.0,8316.8,1663.36,June,2025.0,<bound method DatetimeArray.day_name of <pandas.core.indexes.accessors.DatetimeProperties object at 0x0000016E5152D450>>
ORD1472,2025-03-18,Vikas,vikas87@gmail.com,9861027886.0,Delhi,Delhi,Mouse,Electronics,5.0,1499.0,20.0,Card,Delivered,2025-03-18,7495.0,5996.0,1199.2,March,2025.0,<bound method DatetimeArray.day_name of <pandas.core.indexes.accessors.DatetimeProperties object at 0x0000016E5152D450>>
ORD1473,2025-02-19,Rahul,rahul77@gmail.com,9635640677.0,Lucknow,Up,Mouse,Electronics,4.0,1499.0,0.0,Wallet,Delivered,2025-02-19,5996.0,5996.0,1199.2,February,2025.0,<bound method DatetimeArray.day_name of <pandas.core.indexes.accessors.DatetimeProperties object at 0x0000016E5152D450>>
ORD1476,2025-06-22,Rohit,rohit94@gmail.com,9281632903.0,Pune,Maharashtra,Chair,Furniture,5.0,2599.0,5.0,Card,Pending,2025-06-22,12995.0,12345.25,2469.05,June,2025.0,<bound method DatetimeArray.day_name of <pandas.core.indexes.accessors.DatetimeProperties object at 0x0000016E5152D450>>
ORD1477,,Vikas,vikas1@gmail.com,9904339004.0,Bengaluru,Karnataka,Chair,Furniture,2.0,499.0,0.0,COD,Delivered,,998.0,998.0,199.60000000000002,,,<bound method DatetimeArray.day_name of <pandas.core.indexes.accessors.DatetimeProperties object at 0x0000016E5152D450>>
ORD1478,2025-04-19,Sneha,sneha11@gmail.com,9233212770.0,Delhi,Delhi,Shoes,Fashion,2.0,1999.0,20.0,NetBanking,Delivered,2025-04-19,3998.0,3198.4,639.6800000000001,April,2025.0,<bound method DatetimeArray.day_name of <pandas.core.indexes.accessors.DatetimeProperties object at 0x0000016E5152D450>>
ORD1479,2025-01-18,Neha,neha63@gmail.com,9334823454.0,Bengaluru,Karnataka,Mouse,Electronics,4.0,4999.0,0.0,Card,Pending,2025-01-18,19996.0,19996.0,3999.2000000000003,January,2025.0,<bound method DatetimeArray.day_name of <pandas.core.indexes.accessors.DatetimeProperties object at 0x0000016E5152D450>>
ORD1480,,Rohit,rohit15@gmail.com,9309550784.0,Pune,Maharashtra,Chair,Furniture,4.0,4999.0,15.0,NetBanking,Delivered,,19996.0,16996.6,3399.3199999999997,,,<bound method DatetimeArray.day_name of <pandas.core.indexes.accessors.DatetimeProperties object at 0x0000016E5152D450>>
ORD1481,2025-06-17,Rohit,rohit46@gmail.com,9379730312.0,Pune,Maharashtra,Shoes,Fashion,4.0,2599.0,0.0,Wallet,Pending,2025-06-17,10396.0,10396.0,2079.2000000000003,June,2025.0,<bound method DatetimeArray.day_name of <pandas.core.indexes.accessors.DatetimeProperties object at 0x0000016E5152D450>>
ORD1482,2025-04-27,Rahul,rahul53@gmail.com,9487897218.0,Pune,Maharashtra,Mouse,Electronics,5.0,499.0,5.0,Wallet,Delivered,2025-01-05,2495.0,2370.25,474.05,April,2025.0,<bound method DatetimeArray.day_name of <pandas.core.indexes.accessors.DatetimeProperties object at 0x0000016E5152D450>>
ORD1483,2025-04-20,Neha,neha34@gmail.com,9620909768.0,Bengaluru,Karnataka,Laptop,Electronics,2.0,1999.0,5.0,NetBanking,Pending,2025-04-20,3998.0,3798.1,759.62,April,2025.0,<bound method DatetimeArray.day_name of <pandas.core.indexes.accessors.DatetimeProperties object at 0x0000016E5152D450>>
ORD1484,2025-02-16,Sneha,sneha66@gmail.com,Unknown,Delhi,Delhi,Chair,Furniture,4.0,9999.0,10.0,NetBanking,Cancelled,2025-02-16,39996.0,35996.4,7199.280000000001,February,2025.0,<bound method DatetimeArray.day_name of <pandas.core.indexes.accessors.DatetimeProperties object at 0x0000016E5152D450>>
ORD1485,2025-05-24,Rohit,rohit35@gmail.com,9845248519.0,Pune,Maharashtra,Chair,Furniture,5.0,499.0,5.0,NetBanking,Delivered,2025-05-24,2495.0,2370.25,474.05,May,2025.0,<bound method DatetimeArray.day_name of <pandas.core.indexes.accessors.DatetimeProperties object at 0x0000016E5152D450>>
ORD1486,,Vikas,vikas78@gmail.com,9812671945.0,Bengaluru,Karnataka,Laptop,Electronics,3.0,4999.0,0.0,Wallet,Delivered,2025-02-06,14997.0,14997.0,2999.4,,,<bound method DatetimeArray.day_name of <pandas.core.indexes.accessors.DatetimeProperties object at 0x0000016E5152D450>>
ORD1487,2025-04-13,Rohit,rohit31@gmail.com,9370472644.0,Jaipur,Rajasthan,Chair,Furniture,1.0,499.0,0.0,UPI,Delivered,2025-04-13,499.0,499.0,99.80000000000001,April,2025.0,<bound method DatetimeArray.day_name of <pandas.core.indexes.accessors.DatetimeProperties object at 0x0000016E5152D450>>
ORD1488,2025-02-15,Sneha,sneha32@gmail.com,9335556096.0,Delhi,Delhi,Mouse,Electronics,2.0,499.0,0.0,Wallet,Cancelled,2025-02-15,998.0,998.0,199.60000000000002,February,2025.0,<bound method DatetimeArray.day_name of <pandas.core.indexes.accessors.DatetimeProperties object at 0x0000016E5152D450>>
ORD1490,2025-05-08,Sneha,sneha22@gmail.com,9311385417.0,Pune,Maharashtra,Laptop,Electronics,2.0,9999.0,20.0,Card,Delivered,2025-05-08,19998.0,15998.4,3199.6800000000003,May,2025.0,<bound method DatetimeArray.day_name of <pandas.core.indexes.accessors.DatetimeProperties object at 0x0000016E5152D450>>
ORD1491,2025-03-04,Priya,priya42@gmail.com,9975620718.0,Lucknow,Up,Laptop,Electronics,2.0,1499.0,10.0,UPI,Cancelled,2025-11-03,2998.0,2698.2,539.64,March,2025.0,<bound method DatetimeArray.day_name of <pandas.core.indexes.accessors.DatetimeProperties object at 0x0000016E5152D450>>
ORD1492,2025-03-12,Amit,amit65@gmail.com,9442093414.0,Delhi,Delhi,Bottle,Home,2.0,,0.0,NetBanking,Pending,2025-03-12,,,,March,2025.0,<bound method DatetimeArray.day_name of <pandas.core.indexes.accessors.DatetimeProperties object at 0x0000016E5152D450>>
ORD1493,2025-03-05,Sneha,sneha27@gmail.com,9961393609.0,Delhi,Delhi,Mouse,Electronics,5.0,4999.0,0.0,COD,Delivered,2025-07-03,24995.0,24995.0,4999.0,March,2025.0,<bound method DatetimeArray.day_name of <pandas.core.indexes.accessors.DatetimeProperties object at 0x0000016E5152D450>>
ORD1494,2025-03-20,Sneha,sneha50@gmail.com,9703494194.0,Delhi,Delhi,Bottle,Home,5.0,999.0,0.0,Wallet,Delivered,2025-03-20,4995.0,4995.0,999.0,March,2025.0,<bound method DatetimeArray.day_name of <pandas.core.indexes.accessors.DatetimeProperties object at 0x0000016E5152D450>>
ORD1495,,Sneha,sneha59@gmail.com,9580925306.0,Bengaluru,Karnataka,Mouse,Electronics,1.0,499.0,0.0,NetBanking,Returned,,499.0,499.0,99.80000000000001,,,<bound method DatetimeArray.day_name of <pandas.core.indexes.accessors.DatetimeProperties object at 0x0000016E5152D450>>
ORD1498,2025-04-26,Priya,priya59@gmail.com,9949870677.0,Jaipur,Rajasthan,Mouse,Electronics,5.0,1499.0,10.0,Wallet,Delivered,2025-03-05,7495.0,6745.5,1349.1000000000001,April,2025.0,<bound method DatetimeArray.day_name of <pandas.core.indexes.accessors.DatetimeProperties object at 0x0000016E5152D450>>
ORD1500,2025-05-15,Priya,priya67@gmail.com,9848200695.0,Pune,Maharashtra,Laptop,Electronics,3.0,,15.0,UPI,Delivered,2025-05-15,,,,May,2025.0,<bound method DatetimeArray.day_name of <pandas.core.indexes.accessors.DatetimeProperties object at 0x0000016E5152D450>>
ORD1600,2025-05-15,Priya,priya67@gmail.com,9848200695.0,Pune,Maharashtra,Laptop,Electronics,3.0,,15.0,UPI,Delivered,2025-05-15,,,,May,2025.0,<bound method DatetimeArray.day_name of <pandas.core.indexes.accessors.DatetimeProperties object at 0x0000016E5152D450>>
ORD1602,2025-06-30,Neha,neha82@gmail.com,9829008196.0,Delhi,Delhi,Chair,Furniture,4.0,1999.0,0.0,UPI,Pending,2025-03-07,7996.0,7996.0,1599.2,June,2025.0,<bound method DatetimeArray.day_name of <pandas.core.indexes.accessors.DatetimeProperties object at 0x0000016E5152D450>>
ORD1603,2025-02-03,Rohit,rohit45@gmail.com,9280491167.0,Pune,Maharashtra,Watch,Fashion,5.0,4999.0,20.0,Card,Pending,2025-09-02,24995.0,19996.0,3999.2000000000003,February,2025.0,<bound method DatetimeArray.day_name of <pandas.core.indexes.accessors.DatetimeProperties object at 0x0000016E5152D450>>
ORD1604,2025-05-06,Amit,amit6@gmail.com,9943310925.0,Jaipur,Rajasthan,Mouse,Electronics,3.0,1999.0,5.0,COD,Returned,2025-08-05,5997.0,5697.15,1139.43,May,2025.0,<bound method DatetimeArray.day_name of <pandas.core.indexes.accessors.DatetimeProperties object at 0x0000016E5152D450>>
ORD1607,2025-02-10,Rahul,rahul82@gmail.com,9517780193.0,Mumbai,Maharashtra,Mouse,Electronics,3.0,499.0,20.0,Wallet,Cancelled,2025-02-10,1497.0,1197.6,239.51999999999998,February,2025.0,<bound method DatetimeArray.day_name of <pandas.core.indexes.accessors.DatetimeProperties object at 0x0000016E5152D450>>
ORD1608,2025-02-17,Rahul,rahul71@gmail.com,9789375429.0,Lucknow,Up,Mouse,Electronics,4.0,9999.0,0.0,Card,Returned,2025-02-17,39996.0,39996.0,7999.200000000001,February,2025.0,<bound method DatetimeArray.day_name of <pandas.core.indexes.accessors.DatetimeProperties object at 0x0000016E5152D450>>
ORD1609,,Rahul,rahul99@gmail.com,9552649559.0,Mumbai,Maharashtra,Bottle,Home,2.0,1499.0,0.0,Wallet,Pending,,2998.0,2998.0,599.6,,,<bound method DatetimeArray.day_name of <pandas.core.indexes.accessors.DatetimeProperties object at 0x0000016E5152D450>>
ORD1610,2025-04-10,Rohit,rohit96@gmail.com,9700116928.0,Jaipur,Rajasthan,Mouse,Electronics,1.0,,0.0,NetBanking,Delivered,2025-04-10,,,,April,2025.0,<bound method DatetimeArray.day_name of <pandas.core.indexes.accessors.DatetimeProperties object at 0x0000016E5152D450>>
ORD1611,2025-01-11,Neha,neha22@gmail.com,9580304152.0,Jaipur,Rajasthan,Chair,Furniture,3.0,999.0,0.0,COD,Pending,2025-01-11,2997.0,2997.0,599.4,January,2025.0,<bound method DatetimeArray.day_name of <pandas.core.indexes.accessors.DatetimeProperties object at 0x0000016E5152D450>>
ORD1612,2025-03-03,Vikas,vikas46@gmail.com,9551158398.0,Jaipur,Rajasthan,Shoes,Fashion,3.0,999.0,5.0,COD,Cancelled,2025-09-03,2997.0,2847.15,569.4300000000001,March,2025.0,<bound method DatetimeArray.day_name of <pandas.core.indexes.accessors.DatetimeProperties object at 0x0000016E5152D450>>
